id,name,email,preco,projetos,avaliacoes
2.0,Averyl,Averyl.35@yopmail.com,396.93,35.0,5.76
6.0,Cherilyn,Cherilyn.163@yopmail.com,94.69,163.0,5.35
7.0,Lynde,Lynde.149@yopmail.com,195.11,149.0,5.18
17.0,Chandra,Chandra.94@yopmail.com,244.76,94.0,5.27
22.0,Carol-Jean,Carol-Jean.138@yopmail.com,752.52,138.0,5.24
24.0,Ardenia,Ardenia.131@yopmail.com,238.47,131.0,5.04
26.0,Mady,Mady.109@yopmail.com,567.41,109.0,5.05
30.0,Misha,Misha.107@yopmail.com,762.37,107.0,5.48
32.0,Keelia,Keelia.129@yopmail.com,393.16,129.0,5.14
34.0,Roslyn,Roslyn.27@yopmail.com,707.96,27.0,5.37
37.0,Shel,Shel.26@yopmail.com,667.58,26.0,5.26
41.0,Marylou,Marylou.86@yopmail.com,652.2,86.0,5.75
52.0,Fidelia,Fidelia.28@yopmail.com,231.91,28.0,5.78
53.0,Daphne,Daphne.7@yopmail.com,917.49,7.0,4.64
54.0,Selma,Selma.15@yopmail.com,104.94,15.0,5.42
55.0,Mathilda,Mathilda.21@yopmail.com,450.38,21.0,5.81
56.0,Lorenza,Lorenza.133@yopmail.com,666.39,133.0,5.81
57.0,Cristine,Cristine.64@yopmail.com,626.03,64.0,5.66
59.0,Christian,Christian.51@yopmail.com,753.12,51.0,5.22
62.0,Lexine,Lexine.137@yopmail.com,863.99,137.0,5.53
71.0,Sidoney,Sidoney.137@yopmail.com,244.67,137.0,5.9
75.0,Sashenka,Sashenka.170@yopmail.com,612.46,170.0,5.53
81.0,Giustina,Giustina.19@yopmail.com,796.11,19.0,5.53
83.0,Meghann,Meghann.137@yopmail.com,197.65,137.0,4.74
86.0,Giustina,Giustina.101@yopmail.com,812.86,101.0,5.54
90.0,Lacie,Lacie.185@yopmail.com,355.31,185.0,5.05
93.0,Fred,Fred.105@yopmail.com,982.48,105.0,4.5
96.0,Margalo,Margalo.190@yopmail.com,340.57,190.0,4.57
97.0,Deirdre,Deirdre.173@yopmail.com,915.4,173.0,4.77
98.0,Thalia,Thalia.33@yopmail.com,905.8,33.0,5.8
100.0,Cathie,Cathie.44@yopmail.com,962.35,44.0,5.66
102.0,Britni,Britni.172@yopmail.com,907.61,172.0,5.47
106.0,Valera,Valera.127@yopmail.com,126.46,127.0,5.01
110.0,Cristine,Cristine.137@yopmail.com,500.32,137.0,4.57
112.0,Elena,Elena.131@yopmail.com,492.91,131.0,4.54
113.0,Kirstin,Kirstin.181@yopmail.com,826.53,181.0,5.94
117.0,Alisha,Alisha.141@yopmail.com,976.99,141.0,5.11
121.0,Bill,Bill.21@yopmail.com,165.56,21.0,5.53
122.0,Arlena,Arlena.80@yopmail.com,565.72,80.0,5.79
124.0,Kellen,Kellen.127@yopmail.com,71.98,127.0,5.14
126.0,Dari,Dari.114@yopmail.com,397.22,114.0,5.22
127.0,Leeanne,Leeanne.23@yopmail.com,348.05,23.0,5.26
128.0,Arlena,Arlena.138@yopmail.com,24.63,138.0,4.82
130.0,Kristina,Kristina.112@yopmail.com,248.19,112.0,5.96
133.0,Damaris,Damaris.150@yopmail.com,597.69,150.0,5.8
135.0,Marcy,Marcy.48@yopmail.com,759.14,48.0,5.46
136.0,Justinn,Justinn.102@yopmail.com,435.79,102.0,5.19
139.0,Jenda,Jenda.52@yopmail.com,464.59,52.0,5.86
146.0,Rhea,Rhea.164@yopmail.com,210.88,164.0,4.52
149.0,Gisela,Gisela.122@yopmail.com,831.76,122.0,5.55
153.0,Petronia,Petronia.196@yopmail.com,642.2,196.0,4.7
154.0,Grier,Grier.162@yopmail.com,77.99,162.0,5.84
155.0,Sibella,Sibella.120@yopmail.com,271.96,120.0,5.89
164.0,Phylis,Phylis.27@yopmail.com,763.08,27.0,4.51
169.0,Sadie,Sadie.12@yopmail.com,311.45,12.0,4.81
171.0,Kirstin,Kirstin.17@yopmail.com,320.53,17.0,4.53
172.0,Jolyn,Jolyn.139@yopmail.com,106.84,139.0,4.7
173.0,Cathie,Cathie.54@yopmail.com,664.14,54.0,5.45
175.0,Babita,Babita.11@yopmail.com,185.72,11.0,5.71
183.0,Marika,Marika.185@yopmail.com,848.61,185.0,5.7
186.0,Joelly,Joelly.127@yopmail.com,818.43,127.0,4.65
188.0,Jenilee,Jenilee.87@yopmail.com,426.75,87.0,4.92
197.0,Valli,Valli.66@yopmail.com,479.79,66.0,5.94
199.0,Tina,Tina.@yopmail.com,261.58,0.0,5.54
204.0,Paola,Paola.53@yopmail.com,730.16,53.0,5.44
207.0,Claresta,Claresta.17@yopmail.com,239.98,17.0,4.81
208.0,Marsiella,Marsiella.11@yopmail.com,31.94,11.0,5.33
209.0,Kellen,Kellen.173@yopmail.com,658.61,173.0,5.85
210.0,Krystle,Krystle.71@yopmail.com,207.29,71.0,4.74
214.0,Valli,Valli.107@yopmail.com,755.81,107.0,5.76
215.0,Ernesta,Ernesta.40@yopmail.com,655.7,40.0,5.07
216.0,Lucy,Lucy.51@yopmail.com,665.64,51.0,5.3
220.0,Christy,Christy.170@yopmail.com,20.55,170.0,5.86
221.0,Roberta,Roberta.57@yopmail.com,914.28,57.0,4.96
222.0,Amii,Amii.80@yopmail.com,794.35,80.0,5.35
226.0,Cam,Cam.88@yopmail.com,473.28,88.0,5.68
227.0,Mariele,Mariele.26@yopmail.com,926.65,26.0,5.23
238.0,Ayn,Ayn.196@yopmail.com,954.27,196.0,5.45
240.0,Tatiania,Tatiania.135@yopmail.com,583.48,135.0,5.2
244.0,Cathyleen,Cathyleen.92@yopmail.com,401.01,92.0,5.82
247.0,Brynna,Brynna.16@yopmail.com,83.46,16.0,5.94
248.0,Kamilah,Kamilah.142@yopmail.com,602.44,142.0,4.67
249.0,Asia,Asia.186@yopmail.com,258.52,186.0,4.93
251.0,Celene,Celene.70@yopmail.com,569.15,70.0,5.46
253.0,Kayla,Kayla.39@yopmail.com,69.79,39.0,5.7
254.0,Wanda,Wanda.99@yopmail.com,173.41,99.0,4.84
262.0,Celisse,Celisse.84@yopmail.com,255.74,84.0,5.66
263.0,Farrah,Farrah.90@yopmail.com,602.44,90.0,4.75
271.0,Hayley,Hayley.6@yopmail.com,900.74,6.0,5.31
274.0,Donnie,Donnie.99@yopmail.com,672.22,99.0,4.89
276.0,Dorthy,Dorthy.57@yopmail.com,989.98,57.0,5.68
278.0,Rosanne,Rosanne.105@yopmail.com,697.56,105.0,5.02
285.0,Larine,Larine.57@yopmail.com,963.59,57.0,4.6
287.0,Tarra,Tarra.169@yopmail.com,378.49,169.0,5.65
288.0,Kirstin,Kirstin.199@yopmail.com,344.53,199.0,5.27
289.0,Luci,Luci.34@yopmail.com,947.21,34.0,4.59
294.0,Merry,Merry.63@yopmail.com,400.08,63.0,4.71
296.0,Ana,Ana.162@yopmail.com,815.2,162.0,4.65
314.0,Micheline,Micheline.114@yopmail.com,415.97,114.0,5.01
315.0,Dotty,Dotty.70@yopmail.com,778.81,70.0,5.08
319.0,Shel,Shel.148@yopmail.com,844.67,148.0,5.45
324.0,Corene,Corene.197@yopmail.com,258.31,197.0,4.5
325.0,Frieda,Frieda.3@yopmail.com,951.21,3.0,5.51
326.0,Ethel,Ethel.45@yopmail.com,360.48,45.0,5.41
330.0,Nita,Nita.16@yopmail.com,479.76,16.0,4.86
337.0,Mamie,Mamie.42@yopmail.com,314.57,42.0,5.91
341.0,Marleah,Marleah.42@yopmail.com,754.71,42.0,4.95
350.0,Jsandye,Jsandye.66@yopmail.com,889.94,66.0,5.64
354.0,Ingrid,Ingrid.97@yopmail.com,668.16,97.0,5.21
355.0,Cissiee,Cissiee.30@yopmail.com,105.34,30.0,5.72
358.0,Rosaline,Rosaline.40@yopmail.com,933.18,40.0,5.54
359.0,Vonny,Vonny.149@yopmail.com,873.72,149.0,5.1
362.0,Nanete,Nanete.168@yopmail.com,523.18,168.0,4.82
366.0,Jany,Jany.181@yopmail.com,426.86,181.0,5.71
368.0,Stacey,Stacey.94@yopmail.com,909.29,94.0,4.68
372.0,Madelle,Madelle.151@yopmail.com,7.73,151.0,5.09
384.0,Kelly,Kelly.63@yopmail.com,540.07,63.0,5.54
386.0,Renae,Renae.126@yopmail.com,748.22,126.0,5.68
391.0,Teriann,Teriann.121@yopmail.com,217.45,121.0,5.29
392.0,Giustina,Giustina.167@yopmail.com,188.93,167.0,4.74
398.0,Alexine,Alexine.53@yopmail.com,846.33,53.0,4.78
402.0,Anthia,Anthia.39@yopmail.com,74.97,39.0,5.66
403.0,Merle,Merle.175@yopmail.com,382.17,175.0,5.26
404.0,Mamie,Mamie.188@yopmail.com,860.87,188.0,4.56
415.0,Anestassia,Anestassia.78@yopmail.com,802.82,78.0,4.79
417.0,Bobinette,Bobinette.13@yopmail.com,881.58,13.0,5.35
422.0,Wilma,Wilma.9@yopmail.com,717.6,9.0,4.59
423.0,Ricky,Ricky.187@yopmail.com,658.51,187.0,4.84
427.0,Collen,Collen.144@yopmail.com,352.65,144.0,5.42
429.0,Carlie,Carlie.113@yopmail.com,527.28,113.0,5.8
430.0,Deedee,Deedee.74@yopmail.com,357.35,74.0,4.93
431.0,Darci,Darci.134@yopmail.com,489.09,134.0,5.66
432.0,Edee,Edee.53@yopmail.com,144.94,53.0,4.72
436.0,Libbie,Libbie.80@yopmail.com,829.9,80.0,4.86
439.0,Roslyn,Roslyn.50@yopmail.com,783.25,50.0,5.59
441.0,Aili,Aili.38@yopmail.com,902.55,38.0,5.83
447.0,Danny,Danny.80@yopmail.com,408.31,80.0,5.6
450.0,Laure,Laure.110@yopmail.com,88.56,110.0,5.1
451.0,Wynne,Wynne.132@yopmail.com,618.36,132.0,4.88
458.0,Valeda,Valeda.140@yopmail.com,862.74,140.0,5.96
460.0,Raquela,Raquela.83@yopmail.com,349.42,83.0,5.7
462.0,Mellicent,Mellicent.172@yopmail.com,662.64,172.0,4.99
465.0,Selia,Selia.31@yopmail.com,715.69,31.0,4.55
468.0,Perry,Perry.@yopmail.com,591.77,0.0,5.52
474.0,Aili,Aili.143@yopmail.com,665.99,143.0,5.84
475.0,Nikki,Nikki.3@yopmail.com,363.6,3.0,4.82
476.0,Kassey,Kassey.164@yopmail.com,199.25,164.0,4.51
477.0,Madelle,Madelle.52@yopmail.com,232.98,52.0,5.49
478.0,Cacilie,Cacilie.152@yopmail.com,497.32,152.0,5.63
481.0,Winny,Winny.200@yopmail.com,155.72,200.0,5.13
485.0,Harrietta,Harrietta.73@yopmail.com,388.74,73.0,5.94
486.0,Modestia,Modestia.104@yopmail.com,931.73,104.0,4.52
487.0,Nananne,Nananne.75@yopmail.com,324.19,75.0,4.91
489.0,Jacenta,Jacenta.71@yopmail.com,367.88,71.0,4.7
490.0,Cherilyn,Cherilyn.29@yopmail.com,923.18,29.0,5.63
500.0,Charlena,Charlena.1@yopmail.com,128.81,1.0,4.97
502.0,Mellicent,Mellicent.66@yopmail.com,860.72,66.0,5.72
510.0,Margalo,Margalo.65@yopmail.com,966.32,65.0,5.31
515.0,Maye,Maye.123@yopmail.com,105.38,123.0,5.35
516.0,Dominga,Dominga.110@yopmail.com,691.21,110.0,5.0
517.0,Jobi,Jobi.169@yopmail.com,976.12,169.0,4.71
526.0,Monika,Monika.40@yopmail.com,257.42,40.0,5.5
528.0,Phylis,Phylis.65@yopmail.com,956.18,65.0,5.87
530.0,Tori,Tori.16@yopmail.com,75.17,16.0,5.72
533.0,Celene,Celene.184@yopmail.com,247.5,184.0,5.74
539.0,Jessamyn,Jessamyn.72@yopmail.com,338.72,72.0,4.89
540.0,Karolina,Karolina.22@yopmail.com,654.66,22.0,5.45
546.0,Rosaline,Rosaline.67@yopmail.com,797.0,67.0,5.44
547.0,Annabela,Annabela.9@yopmail.com,914.42,9.0,4.58
548.0,Ebonee,Ebonee.139@yopmail.com,916.17,139.0,4.55
549.0,Monika,Monika.57@yopmail.com,446.45,57.0,4.69
550.0,Gerianna,Gerianna.126@yopmail.com,745.62,126.0,4.91
553.0,Reeba,Reeba.82@yopmail.com,393.83,82.0,5.58
554.0,Elfreda,Elfreda.70@yopmail.com,524.81,70.0,5.42
561.0,Max,Max.7@yopmail.com,987.71,7.0,5.94
562.0,Ninnetta,Ninnetta.33@yopmail.com,713.49,33.0,5.8
565.0,Ursulina,Ursulina.101@yopmail.com,99.53,101.0,5.6
575.0,Albertina,Albertina.9@yopmail.com,54.36,9.0,5.67
576.0,Tina,Tina.53@yopmail.com,920.4,53.0,5.94
580.0,Kara-Lynn,Kara-Lynn.152@yopmail.com,365.34,152.0,4.67
582.0,Ernesta,Ernesta.100@yopmail.com,5.19,100.0,4.56
584.0,Georgetta,Georgetta.26@yopmail.com,622.07,26.0,4.5
585.0,Arabel,Arabel.102@yopmail.com,971.13,102.0,5.74
592.0,Dianemarie,Dianemarie.51@yopmail.com,490.8,51.0,4.87
593.0,Helena,Helena.100@yopmail.com,630.16,100.0,4.6
596.0,Heddie,Heddie.168@yopmail.com,319.87,168.0,5.12
599.0,Cam,Cam.130@yopmail.com,601.9,130.0,5.72
600.0,Maye,Maye.65@yopmail.com,899.81,65.0,5.92
601.0,Nadine,Nadine.122@yopmail.com,164.28,122.0,5.25
604.0,Teriann,Teriann.124@yopmail.com,985.24,124.0,4.98
605.0,Jolyn,Jolyn.69@yopmail.com,36.09,69.0,4.51
607.0,Mariele,Mariele.88@yopmail.com,901.38,88.0,5.69
608.0,Dorthy,Dorthy.186@yopmail.com,776.93,186.0,5.48
612.0,Ayn,Ayn.166@yopmail.com,600.29,166.0,5.25
613.0,Linet,Linet.96@yopmail.com,443.66,96.0,5.89
616.0,Glenda,Glenda.123@yopmail.com,61.07,123.0,5.83
617.0,Mara,Mara.125@yopmail.com,290.25,125.0,4.71
618.0,Lanae,Lanae.88@yopmail.com,53.42,88.0,5.29
621.0,Antonietta,Antonietta.2@yopmail.com,13.91,2.0,5.25
624.0,Dorothy,Dorothy.151@yopmail.com,742.85,151.0,4.96
627.0,Veda,Veda.52@yopmail.com,7.13,52.0,5.27
628.0,Inga,Inga.38@yopmail.com,344.35,38.0,5.49
630.0,Agnese,Agnese.67@yopmail.com,519.07,67.0,5.6
631.0,Calla,Calla.84@yopmail.com,255.41,84.0,5.77
637.0,Zsa Zsa,Zsa Zsa.96@yopmail.com,583.3,96.0,4.59
641.0,Tori,Tori.54@yopmail.com,606.46,54.0,5.57
642.0,Abbie,Abbie.111@yopmail.com,822.64,111.0,4.92
649.0,Miquela,Miquela.82@yopmail.com,780.09,82.0,5.69
650.0,Verla,Verla.135@yopmail.com,650.02,135.0,4.53
654.0,Gianina,Gianina.156@yopmail.com,170.76,156.0,4.59
655.0,Theodora,Theodora.96@yopmail.com,958.53,96.0,4.98
657.0,Emelina,Emelina.79@yopmail.com,76.93,79.0,5.69
660.0,Stevana,Stevana.172@yopmail.com,7.34,172.0,5.6
661.0,Kamilah,Kamilah.64@yopmail.com,166.22,64.0,5.96
663.0,Betta,Betta.172@yopmail.com,104.39,172.0,5.99
665.0,Gale,Gale.146@yopmail.com,533.83,146.0,4.85
667.0,Karlee,Karlee.148@yopmail.com,78.72,148.0,5.98
670.0,Carree,Carree.135@yopmail.com,388.09,135.0,4.83
671.0,Arabel,Arabel.64@yopmail.com,63.68,64.0,4.94
672.0,Gerianna,Gerianna.68@yopmail.com,860.09,68.0,5.32
674.0,Leia,Leia.18@yopmail.com,956.26,18.0,5.01
676.0,Candy,Candy.135@yopmail.com,366.1,135.0,4.63
679.0,Nelle,Nelle.161@yopmail.com,687.28,161.0,4.5
680.0,Melina,Melina.127@yopmail.com,808.95,127.0,5.85
681.0,Dulce,Dulce.13@yopmail.com,149.62,13.0,4.84
683.0,Kaja,Kaja.130@yopmail.com,877.11,130.0,4.59
684.0,Philis,Philis.83@yopmail.com,214.4,83.0,4.6
690.0,Clary,Clary.21@yopmail.com,759.46,21.0,5.55
691.0,Nataline,Nataline.137@yopmail.com,333.24,137.0,5.76
695.0,Tersina,Tersina.169@yopmail.com,644.35,169.0,5.9
698.0,Petronia,Petronia.128@yopmail.com,363.55,128.0,5.47
699.0,Sindee,Sindee.48@yopmail.com,853.63,48.0,5.46
700.0,Catrina,Catrina.178@yopmail.com,86.85,178.0,5.27
701.0,Dolli,Dolli.18@yopmail.com,489.97,18.0,5.89
702.0,Riannon,Riannon.147@yopmail.com,331.64,147.0,5.5
705.0,Henriette,Henriette.161@yopmail.com,949.07,161.0,4.72
709.0,Minne,Minne.34@yopmail.com,964.76,34.0,5.55
711.0,Emilia,Emilia.156@yopmail.com,372.37,156.0,5.57
712.0,Jordan,Jordan.25@yopmail.com,644.1,25.0,5.9
719.0,Ofilia,Ofilia.71@yopmail.com,972.3,71.0,5.68
720.0,Cyb,Cyb.199@yopmail.com,309.21,199.0,5.3
721.0,Yetty,Yetty.33@yopmail.com,244.58,33.0,4.55
723.0,Pollyanna,Pollyanna.50@yopmail.com,93.28,50.0,4.5
725.0,Cyb,Cyb.123@yopmail.com,795.64,123.0,5.51
728.0,Kimberley,Kimberley.73@yopmail.com,454.72,73.0,4.9
733.0,Goldie,Goldie.141@yopmail.com,162.41,141.0,4.71
734.0,Tonia,Tonia.11@yopmail.com,714.31,11.0,5.49
736.0,Marcelline,Marcelline.155@yopmail.com,570.36,155.0,5.72
739.0,Jeanna,Jeanna.44@yopmail.com,908.99,44.0,4.79
742.0,Aimil,Aimil.139@yopmail.com,997.04,139.0,5.22
744.0,Helena,Helena.125@yopmail.com,147.33,125.0,5.63
745.0,Liana,Liana.146@yopmail.com,954.34,146.0,5.73
746.0,Claresta,Claresta.159@yopmail.com,30.67,159.0,5.14
757.0,Caressa,Caressa.196@yopmail.com,503.93,196.0,4.62
767.0,Ethel,Ethel.171@yopmail.com,307.2,171.0,5.34
768.0,Jere,Jere.154@yopmail.com,37.24,154.0,5.97
769.0,Nariko,Nariko.197@yopmail.com,355.24,197.0,4.76
781.0,Merry,Merry.11@yopmail.com,620.16,11.0,5.18
787.0,Ulrike,Ulrike.198@yopmail.com,645.23,198.0,5.1
789.0,Elbertina,Elbertina.168@yopmail.com,557.26,168.0,5.88
791.0,Concettina,Concettina.39@yopmail.com,480.01,39.0,4.87
798.0,Rivalee,Rivalee.52@yopmail.com,891.66,52.0,5.21
799.0,Jennica,Jennica.7@yopmail.com,740.19,7.0,5.08
802.0,Nerta,Nerta.69@yopmail.com,205.7,69.0,4.78
808.0,Sam,Sam.33@yopmail.com,93.75,33.0,4.81
811.0,Kial,Kial.79@yopmail.com,478.87,79.0,5.52
812.0,Imojean,Imojean.170@yopmail.com,269.39,170.0,5.59
814.0,Ardenia,Ardenia.142@yopmail.com,596.58,142.0,5.32
817.0,Corly,Corly.137@yopmail.com,922.55,137.0,5.59
820.0,Basia,Basia.99@yopmail.com,565.53,99.0,4.82
822.0,Fawne,Fawne.127@yopmail.com,735.55,127.0,5.78
826.0,Charlena,Charlena.27@yopmail.com,228.76,27.0,5.6
831.0,Siana,Siana.61@yopmail.com,385.13,61.0,5.54
832.0,Randa,Randa.62@yopmail.com,356.61,62.0,4.74
833.0,Tatiania,Tatiania.189@yopmail.com,611.38,189.0,5.01
834.0,Jennica,Jennica.138@yopmail.com,221.83,138.0,4.94
845.0,Raina,Raina.173@yopmail.com,91.72,173.0,4.55
847.0,Carly,Carly.31@yopmail.com,812.59,31.0,5.6
849.0,Clary,Clary.155@yopmail.com,266.57,155.0,5.11
851.0,Aigneis,Aigneis.187@yopmail.com,804.83,187.0,5.7
852.0,Clementine,Clementine.96@yopmail.com,53.95,96.0,5.83
855.0,Leeanne,Leeanne.45@yopmail.com,46.76,45.0,5.96
857.0,Adelle,Adelle.199@yopmail.com,479.68,199.0,5.93
861.0,Jenilee,Jenilee.15@yopmail.com,519.21,15.0,4.96
862.0,Trixi,Trixi.66@yopmail.com,963.27,66.0,5.25
865.0,Barbara,Barbara.77@yopmail.com,518.94,77.0,5.04
867.0,Sidoney,Sidoney.118@yopmail.com,162.73,118.0,5.31
868.0,Neila,Neila.195@yopmail.com,361.82,195.0,5.23
869.0,Leanna,Leanna.188@yopmail.com,857.21,188.0,4.5
870.0,Alexine,Alexine.9@yopmail.com,410.02,9.0,5.43
876.0,Emma,Emma.127@yopmail.com,95.7,127.0,4.81
877.0,Shell,Shell.114@yopmail.com,651.5,114.0,5.29
879.0,Concettina,Concettina.141@yopmail.com,559.63,141.0,5.67
880.0,Alejandra,Alejandra.119@yopmail.com,135.73,119.0,5.78
883.0,Blinni,Blinni.199@yopmail.com,889.85,199.0,5.74
885.0,Carlie,Carlie.36@yopmail.com,54.46,36.0,4.79
886.0,Celestyna,Celestyna.60@yopmail.com,603.31,60.0,5.94
887.0,Magdalena,Magdalena.51@yopmail.com,914.74,51.0,5.0
891.0,Christal,Christal.105@yopmail.com,342.75,105.0,4.59
894.0,Rhea,Rhea.144@yopmail.com,853.76,144.0,5.53
896.0,Jsandye,Jsandye.120@yopmail.com,542.68,120.0,5.67
899.0,Asia,Asia.82@yopmail.com,431.65,82.0,4.75
905.0,Briney,Briney.149@yopmail.com,535.85,149.0,5.49
907.0,Cristabel,Cristabel.156@yopmail.com,722.14,156.0,5.7
908.0,Sue,Sue.47@yopmail.com,582.13,47.0,5.17
909.0,Karlee,Karlee.150@yopmail.com,823.17,150.0,5.85
912.0,Annecorinne,Annecorinne.@yopmail.com,478.93,0.0,5.56
913.0,Lusa,Lusa.103@yopmail.com,1000.26,103.0,5.7
919.0,Thalia,Thalia.176@yopmail.com,821.14,176.0,5.55
920.0,Ketti,Ketti.7@yopmail.com,170.57,7.0,5.43
921.0,Dede,Dede.191@yopmail.com,461.92,191.0,5.63
922.0,Claudina,Claudina.79@yopmail.com,201.08,79.0,5.21
925.0,Hettie,Hettie.137@yopmail.com,70.33,137.0,4.94
926.0,Cam,Cam.63@yopmail.com,376.0,63.0,5.27
927.0,Jenda,Jenda.163@yopmail.com,307.26,163.0,5.97
929.0,Halette,Halette.16@yopmail.com,765.14,16.0,5.1
935.0,Mignon,Mignon.139@yopmail.com,829.5,139.0,5.24
939.0,Caressa,Caressa.131@yopmail.com,859.75,131.0,5.35
941.0,Andeee,Andeee.38@yopmail.com,223.26,38.0,5.89
951.0,Atlanta,Atlanta.190@yopmail.com,63.02,190.0,5.16
953.0,Sheelagh,Sheelagh.41@yopmail.com,532.33,41.0,4.92
960.0,Tori,Tori.183@yopmail.com,835.33,183.0,5.97
964.0,Annaliese,Annaliese.171@yopmail.com,553.73,171.0,5.9
965.0,Mallory,Mallory.140@yopmail.com,458.03,140.0,5.11
966.0,Fredericka,Fredericka.83@yopmail.com,486.36,83.0,5.41
967.0,Leanna,Leanna.155@yopmail.com,161.12,155.0,4.54
975.0,Pollyanna,Pollyanna.180@yopmail.com,983.34,180.0,5.07
977.0,Sharai,Sharai.167@yopmail.com,893.09,167.0,4.65
980.0,Reeba,Reeba.153@yopmail.com,617.21,153.0,5.46
981.0,Patricia,Patricia.70@yopmail.com,903.24,70.0,4.95
982.0,Cristabel,Cristabel.124@yopmail.com,401.5,124.0,4.84
988.0,Delilah,Delilah.122@yopmail.com,90.17,122.0,5.48
989.0,Inga,Inga.161@yopmail.com,46.31,161.0,5.47
992.0,Sindee,Sindee.76@yopmail.com,994.32,76.0,5.31
993.0,Gaylene,Gaylene.181@yopmail.com,71.98,181.0,5.08
996.0,Annabela,Annabela.15@yopmail.com,172.96,15.0,5.33
1001.0,Brana,Brana.158@yopmail.com,404.21,158.0,5.09
1004.0,Ruthe,Ruthe.105@yopmail.com,237.76,105.0,4.98
1007.0,Clarice,Clarice.118@yopmail.com,88.32,118.0,5.33
1008.0,Dominga,Dominga.110@yopmail.com,401.38,110.0,5.84
1010.0,Tracey,Tracey.5@yopmail.com,862.09,5.0,5.13
1016.0,Fayre,Fayre.35@yopmail.com,208.38,35.0,5.93
1018.0,Dulce,Dulce.132@yopmail.com,534.73,132.0,5.95
1019.0,Veda,Veda.29@yopmail.com,375.05,29.0,4.86
1020.0,Giustina,Giustina.185@yopmail.com,627.15,185.0,5.43
1038.0,Micheline,Micheline.36@yopmail.com,495.04,36.0,5.68
1039.0,Kara-Lynn,Kara-Lynn.167@yopmail.com,75.72,167.0,5.81
1042.0,Beverley,Beverley.179@yopmail.com,170.17,179.0,5.83
1047.0,Deirdre,Deirdre.176@yopmail.com,876.42,176.0,5.55
1048.0,Isa,Isa.151@yopmail.com,829.12,151.0,5.51
1049.0,Hope,Hope.63@yopmail.com,8.0,63.0,5.97
1050.0,Etta,Etta.52@yopmail.com,195.49,52.0,5.99
1051.0,Ellette,Ellette.67@yopmail.com,14.04,67.0,5.19
1052.0,Lacie,Lacie.77@yopmail.com,210.8,77.0,4.71
1054.0,Gisela,Gisela.79@yopmail.com,794.77,79.0,5.97
1055.0,Charlena,Charlena.66@yopmail.com,538.55,66.0,5.45
1060.0,Estell,Estell.73@yopmail.com,359.23,73.0,4.51
1061.0,Jacquetta,Jacquetta.158@yopmail.com,235.96,158.0,5.08
1063.0,Olwen,Olwen.80@yopmail.com,195.18,80.0,5.34
1066.0,Sean,Sean.93@yopmail.com,582.08,93.0,5.55
1067.0,Alisha,Alisha.99@yopmail.com,450.48,99.0,5.68
1068.0,Fanny,Fanny.93@yopmail.com,355.66,93.0,4.95
1069.0,Ofilia,Ofilia.196@yopmail.com,760.36,196.0,4.55
1071.0,Nonnah,Nonnah.68@yopmail.com,565.2,68.0,5.07
1072.0,Ileana,Ileana.194@yopmail.com,130.14,194.0,5.47
1074.0,Jsandye,Jsandye.45@yopmail.com,759.67,45.0,4.84
1080.0,Deedee,Deedee.84@yopmail.com,652.05,84.0,5.56
1083.0,Lorne,Lorne.183@yopmail.com,489.73,183.0,5.24
1086.0,Iseabal,Iseabal.63@yopmail.com,500.47,63.0,5.21
1089.0,Micheline,Micheline.35@yopmail.com,583.14,35.0,4.55
1092.0,Teriann,Teriann.91@yopmail.com,933.01,91.0,5.31
1095.0,Sherrie,Sherrie.180@yopmail.com,745.82,180.0,4.8
1105.0,Hollie,Hollie.117@yopmail.com,824.16,117.0,5.75
1106.0,Lilith,Lilith.187@yopmail.com,471.69,187.0,5.55
1109.0,Gusella,Gusella.99@yopmail.com,787.47,99.0,5.93
1112.0,Adore,Adore.181@yopmail.com,428.99,181.0,4.61
1114.0,Jillayne,Jillayne.151@yopmail.com,519.68,151.0,5.27
1115.0,Cissiee,Cissiee.7@yopmail.com,840.85,7.0,5.9
1119.0,Reeba,Reeba.78@yopmail.com,641.89,78.0,4.53
1120.0,Barbi,Barbi.168@yopmail.com,694.98,168.0,5.2
1121.0,Dania,Dania.156@yopmail.com,978.69,156.0,5.38
1123.0,Wanda,Wanda.43@yopmail.com,913.23,43.0,4.69
1137.0,Cassandra,Cassandra.173@yopmail.com,555.05,173.0,5.73
1139.0,Sibella,Sibella.122@yopmail.com,308.66,122.0,5.32
1142.0,Tomasina,Tomasina.20@yopmail.com,914.37,20.0,5.43
1143.0,Amii,Amii.193@yopmail.com,427.26,193.0,5.49
1144.0,Tatiania,Tatiania.59@yopmail.com,636.97,59.0,5.78
1155.0,Mamie,Mamie.191@yopmail.com,71.18,191.0,5.16
1160.0,Mamie,Mamie.97@yopmail.com,673.64,97.0,4.61
1161.0,Kimberley,Kimberley.132@yopmail.com,604.76,132.0,5.59
1166.0,Bettine,Bettine.48@yopmail.com,315.71,48.0,5.24
1170.0,Merrie,Merrie.129@yopmail.com,396.78,129.0,4.84
1171.0,Doro,Doro.58@yopmail.com,343.77,58.0,4.9
1176.0,Kassey,Kassey.91@yopmail.com,714.49,91.0,5.1
1177.0,Atlanta,Atlanta.165@yopmail.com,805.41,165.0,5.95
1179.0,Dagmar,Dagmar.85@yopmail.com,7.74,85.0,4.69
1186.0,Amalie,Amalie.45@yopmail.com,664.59,45.0,5.57
1190.0,Pearline,Pearline.43@yopmail.com,633.78,43.0,5.33
1191.0,Jennica,Jennica.169@yopmail.com,837.61,169.0,5.5
1193.0,Gusty,Gusty.85@yopmail.com,107.46,85.0,4.59
1196.0,Justinn,Justinn.161@yopmail.com,466.42,161.0,5.87
1199.0,Jaime,Jaime.111@yopmail.com,736.43,111.0,4.94
1200.0,Dorene,Dorene.8@yopmail.com,346.18,8.0,5.79
1202.0,Florie,Florie.140@yopmail.com,472.23,140.0,4.57
1203.0,Willetta,Willetta.186@yopmail.com,101.99,186.0,5.07
1204.0,Binny,Binny.164@yopmail.com,376.87,164.0,5.95
1210.0,Bee,Bee.177@yopmail.com,405.98,177.0,5.72
1211.0,Viviene,Viviene.170@yopmail.com,347.98,170.0,5.5
1214.0,Dione,Dione.170@yopmail.com,279.87,170.0,5.49
1215.0,Ardeen,Ardeen.79@yopmail.com,170.0,79.0,5.65
1221.0,Dennie,Dennie.146@yopmail.com,509.77,146.0,5.29
1222.0,Marita,Marita.36@yopmail.com,922.88,36.0,5.34
1225.0,Lyssa,Lyssa.96@yopmail.com,374.59,96.0,5.26
1230.0,Ginnie,Ginnie.182@yopmail.com,579.6,182.0,5.91
1231.0,Kirstin,Kirstin.146@yopmail.com,413.15,146.0,5.05
1234.0,Chickie,Chickie.161@yopmail.com,487.4,161.0,4.74
1235.0,Aigneis,Aigneis.179@yopmail.com,982.57,179.0,5.86
1247.0,Ardenia,Ardenia.197@yopmail.com,475.27,197.0,5.3
1251.0,Hallie,Hallie.121@yopmail.com,845.95,121.0,5.83
1253.0,Cordi,Cordi.10@yopmail.com,824.05,10.0,4.95
1257.0,Petronia,Petronia.146@yopmail.com,919.2,146.0,5.84
1258.0,Britte,Britte.7@yopmail.com,689.54,7.0,5.96
1272.0,Jacquetta,Jacquetta.192@yopmail.com,980.1,192.0,5.69
1274.0,Emilia,Emilia.22@yopmail.com,221.35,22.0,4.94
1288.0,Patricia,Patricia.78@yopmail.com,842.81,78.0,5.59
1295.0,Rosaline,Rosaline.101@yopmail.com,901.77,101.0,5.86
1296.0,Katharina,Katharina.54@yopmail.com,969.88,54.0,5.28
1300.0,Melanie,Melanie.83@yopmail.com,70.48,83.0,4.6
1303.0,Ronna,Ronna.40@yopmail.com,438.07,40.0,4.58
1307.0,Tersina,Tersina.162@yopmail.com,370.11,162.0,4.71
1308.0,Dominga,Dominga.179@yopmail.com,889.13,179.0,5.85
1313.0,Rhea,Rhea.135@yopmail.com,576.34,135.0,5.86
1315.0,Linzy,Linzy.169@yopmail.com,246.42,169.0,5.82
1316.0,Evita,Evita.3@yopmail.com,351.01,3.0,4.75
1320.0,Cherrita,Cherrita.154@yopmail.com,558.02,154.0,5.86
1325.0,Sybille,Sybille.27@yopmail.com,23.03,27.0,4.8
1329.0,Elyssa,Elyssa.140@yopmail.com,744.49,140.0,4.73
1331.0,Almeta,Almeta.131@yopmail.com,133.43,131.0,5.33
1332.0,Melanie,Melanie.110@yopmail.com,398.53,110.0,5.39
1336.0,Augustine,Augustine.116@yopmail.com,189.0,116.0,4.5
1337.0,Andeee,Andeee.33@yopmail.com,291.61,33.0,5.88
1340.0,Celisse,Celisse.31@yopmail.com,81.72,31.0,5.74
1344.0,Ebonee,Ebonee.79@yopmail.com,481.82,79.0,5.62
1350.0,Cherilyn,Cherilyn.82@yopmail.com,655.57,82.0,4.99
1351.0,Marinna,Marinna.44@yopmail.com,742.31,44.0,5.2
1355.0,Cindelyn,Cindelyn.90@yopmail.com,553.12,90.0,5.52
1356.0,Carmela,Carmela.129@yopmail.com,285.25,129.0,4.65
1361.0,Nerta,Nerta.146@yopmail.com,523.22,146.0,5.0
1362.0,Jordan,Jordan.156@yopmail.com,461.71,156.0,5.87
1365.0,Deloria,Deloria.153@yopmail.com,805.82,153.0,5.29
1366.0,Gusella,Gusella.114@yopmail.com,857.27,114.0,5.74
1367.0,Corene,Corene.28@yopmail.com,276.6,28.0,4.85
1370.0,Susan,Susan.188@yopmail.com,124.44,188.0,4.88
1371.0,Jessamyn,Jessamyn.164@yopmail.com,569.98,164.0,4.67
1374.0,Thalia,Thalia.38@yopmail.com,389.41,38.0,5.53
1375.0,Leanna,Leanna.200@yopmail.com,835.74,200.0,5.82
1377.0,Cissiee,Cissiee.120@yopmail.com,139.78,120.0,5.15
1379.0,Berget,Berget.158@yopmail.com,908.19,158.0,5.01
1380.0,Maridel,Maridel.128@yopmail.com,931.13,128.0,5.21
1383.0,Mary,Mary.137@yopmail.com,150.63,137.0,5.38
1384.0,Tatiania,Tatiania.133@yopmail.com,776.91,133.0,5.59
1388.0,Zaria,Zaria.98@yopmail.com,646.53,98.0,5.33
1389.0,Minne,Minne.140@yopmail.com,685.12,140.0,5.97
1393.0,Brena,Brena.19@yopmail.com,166.31,19.0,5.95
1395.0,Mureil,Mureil.7@yopmail.com,786.65,7.0,4.75
1399.0,Allyce,Allyce.192@yopmail.com,695.23,192.0,5.94
1400.0,Carilyn,Carilyn.70@yopmail.com,577.37,70.0,5.37
1401.0,Leanna,Leanna.61@yopmail.com,935.99,61.0,5.31
1404.0,Jennica,Jennica.11@yopmail.com,790.08,11.0,4.78
1408.0,Cindelyn,Cindelyn.109@yopmail.com,535.43,109.0,4.65
1409.0,Justinn,Justinn.150@yopmail.com,680.97,150.0,4.7
1419.0,Barbara,Barbara.121@yopmail.com,309.2,121.0,5.76
1426.0,Catharine,Catharine.36@yopmail.com,934.88,36.0,5.53
1427.0,Rosabelle,Rosabelle.53@yopmail.com,98.32,53.0,5.17
1430.0,Lusa,Lusa.182@yopmail.com,631.94,182.0,5.85
1432.0,Aeriela,Aeriela.134@yopmail.com,253.2,134.0,5.99
1433.0,Charissa,Charissa.148@yopmail.com,585.97,148.0,5.99
1435.0,Yolane,Yolane.142@yopmail.com,171.42,142.0,5.45
1437.0,Lita,Lita.41@yopmail.com,964.66,41.0,4.86
1439.0,Alejandra,Alejandra.113@yopmail.com,525.68,113.0,5.72
1442.0,Florencia,Florencia.96@yopmail.com,406.09,96.0,4.84
1446.0,Clementine,Clementine.61@yopmail.com,948.67,61.0,5.12
1447.0,Morganica,Morganica.69@yopmail.com,714.26,69.0,5.75
1448.0,Tani,Tani.69@yopmail.com,921.2,69.0,5.57
1449.0,Meriel,Meriel.102@yopmail.com,439.53,102.0,5.74
1451.0,Dode,Dode.69@yopmail.com,936.06,69.0,4.9
1453.0,Taffy,Taffy.51@yopmail.com,569.69,51.0,5.58
1454.0,Cristabel,Cristabel.44@yopmail.com,478.97,44.0,5.21
1455.0,Selia,Selia.185@yopmail.com,790.42,185.0,4.91
1463.0,Johna,Johna.199@yopmail.com,274.14,199.0,4.8
1467.0,Chere,Chere.53@yopmail.com,49.55,53.0,5.01
1469.0,Andree,Andree.87@yopmail.com,669.72,87.0,5.97
1475.0,Joelly,Joelly.107@yopmail.com,469.28,107.0,5.84
1476.0,Imojean,Imojean.2@yopmail.com,902.14,2.0,4.84
1480.0,Susan,Susan.80@yopmail.com,761.02,80.0,5.29
1482.0,Rochette,Rochette.77@yopmail.com,959.3,77.0,5.56
1484.0,Sherrie,Sherrie.14@yopmail.com,75.36,14.0,5.89
1485.0,Olwen,Olwen.163@yopmail.com,973.1,163.0,5.05
1486.0,Kristan,Kristan.46@yopmail.com,653.96,46.0,4.59
1491.0,Jemie,Jemie.109@yopmail.com,291.87,109.0,5.06
1502.0,Lonnie,Lonnie.125@yopmail.com,737.95,125.0,4.5
1504.0,Adele,Adele.104@yopmail.com,583.83,104.0,5.75
1505.0,Bibby,Bibby.32@yopmail.com,73.49,32.0,4.75
1509.0,Jobi,Jobi.46@yopmail.com,441.38,46.0,5.52
1517.0,Talya,Talya.85@yopmail.com,881.92,85.0,4.92
1518.0,Lonnie,Lonnie.99@yopmail.com,234.53,99.0,5.29
1521.0,Linzy,Linzy.38@yopmail.com,557.03,38.0,4.7
1522.0,Angelique,Angelique.151@yopmail.com,181.35,151.0,4.74
1525.0,Mellicent,Mellicent.22@yopmail.com,812.37,22.0,4.96
1526.0,Lory,Lory.2@yopmail.com,19.68,2.0,5.3
1529.0,Marcy,Marcy.131@yopmail.com,277.12,131.0,5.17
1532.0,Marinna,Marinna.135@yopmail.com,780.71,135.0,4.92
1540.0,Hope,Hope.117@yopmail.com,473.05,117.0,5.52
1541.0,Xylina,Xylina.47@yopmail.com,719.0,47.0,5.62
1544.0,Amii,Amii.56@yopmail.com,859.96,56.0,4.88
1556.0,Lexine,Lexine.198@yopmail.com,789.49,198.0,5.21
1558.0,Kathi,Kathi.55@yopmail.com,46.98,55.0,5.04
1566.0,Aimil,Aimil.178@yopmail.com,767.12,178.0,4.82
1571.0,Eolanda,Eolanda.161@yopmail.com,320.69,161.0,4.76
1572.0,Max,Max.59@yopmail.com,477.11,59.0,5.18
1573.0,Nollie,Nollie.179@yopmail.com,160.15,179.0,5.07
1575.0,Dennie,Dennie.79@yopmail.com,563.4,79.0,4.5
1583.0,Melodie,Melodie.87@yopmail.com,64.6,87.0,5.16
1590.0,Katuscha,Katuscha.122@yopmail.com,676.68,122.0,4.83
1592.0,Aimil,Aimil.144@yopmail.com,342.72,144.0,5.04
1594.0,Aryn,Aryn.74@yopmail.com,188.61,74.0,5.67
1599.0,Arabel,Arabel.11@yopmail.com,730.3,11.0,5.67
1601.0,Kassey,Kassey.9@yopmail.com,607.67,9.0,5.47
1602.0,Asia,Asia.28@yopmail.com,452.08,28.0,5.75
1605.0,Romona,Romona.42@yopmail.com,357.61,42.0,5.72
1606.0,Florencia,Florencia.22@yopmail.com,51.49,22.0,4.9
1612.0,Perry,Perry.12@yopmail.com,107.17,12.0,4.6
1613.0,Liana,Liana.72@yopmail.com,519.45,72.0,5.98
1616.0,Lulita,Lulita.98@yopmail.com,483.71,98.0,5.6
1623.0,Anallese,Anallese.159@yopmail.com,740.33,159.0,5.21
1630.0,Kellen,Kellen.198@yopmail.com,550.39,198.0,5.95
1631.0,Cindelyn,Cindelyn.120@yopmail.com,196.96,120.0,5.05
1637.0,Aurelie,Aurelie.195@yopmail.com,361.6,195.0,4.89
1639.0,Dania,Dania.138@yopmail.com,301.03,138.0,5.5
1648.0,Marcy,Marcy.43@yopmail.com,381.43,43.0,5.7
1654.0,Leona,Leona.181@yopmail.com,782.28,181.0,5.16
1655.0,Meghann,Meghann.28@yopmail.com,651.81,28.0,5.8
1661.0,Juliane,Juliane.26@yopmail.com,301.51,26.0,4.71
1666.0,Barbara,Barbara.75@yopmail.com,310.01,75.0,5.22
1667.0,Adore,Adore.63@yopmail.com,443.64,63.0,5.6
1668.0,Winifred,Winifred.1@yopmail.com,744.32,1.0,5.63
1670.0,Brana,Brana.163@yopmail.com,180.92,163.0,5.05
1672.0,Blinni,Blinni.59@yopmail.com,529.89,59.0,5.89
1676.0,Sonni,Sonni.32@yopmail.com,684.43,32.0,4.76
1679.0,Teriann,Teriann.124@yopmail.com,143.28,124.0,4.91
1685.0,Brana,Brana.86@yopmail.com,462.65,86.0,4.54
1690.0,Sadie,Sadie.149@yopmail.com,70.3,149.0,4.96
1691.0,Meriel,Meriel.144@yopmail.com,316.88,144.0,5.68
1693.0,Kathy,Kathy.166@yopmail.com,676.01,166.0,5.87
1696.0,Ivett,Ivett.80@yopmail.com,773.0,80.0,4.74
1697.0,Roslyn,Roslyn.163@yopmail.com,380.28,163.0,5.35
1699.0,Trixi,Trixi.197@yopmail.com,881.72,197.0,5.87
1702.0,Sara-Ann,Sara-Ann.88@yopmail.com,957.78,88.0,5.18
1706.0,Susan,Susan.195@yopmail.com,431.66,195.0,4.99
1708.0,Lusa,Lusa.127@yopmail.com,385.43,127.0,5.95
1709.0,Fredericka,Fredericka.128@yopmail.com,965.69,128.0,5.43
1712.0,Dagmar,Dagmar.175@yopmail.com,259.3,175.0,4.58
1713.0,Sallie,Sallie.8@yopmail.com,530.43,8.0,4.84
1719.0,Alameda,Alameda.112@yopmail.com,151.98,112.0,5.95
1722.0,Tori,Tori.55@yopmail.com,652.41,55.0,5.61
1724.0,Chrystel,Chrystel.93@yopmail.com,708.21,93.0,5.01
1726.0,Jany,Jany.58@yopmail.com,240.27,58.0,5.35
1729.0,Ursulina,Ursulina.90@yopmail.com,989.48,90.0,5.65
1735.0,Kellen,Kellen.61@yopmail.com,191.54,61.0,5.37
1738.0,Delilah,Delilah.41@yopmail.com,24.39,41.0,5.8
1740.0,Gloria,Gloria.73@yopmail.com,893.28,73.0,4.7
1741.0,Marita,Marita.17@yopmail.com,367.53,17.0,5.14
1743.0,Britte,Britte.8@yopmail.com,808.74,8.0,5.84
1744.0,Sharlene,Sharlene.115@yopmail.com,408.43,115.0,5.19
1748.0,Bill,Bill.86@yopmail.com,737.43,86.0,5.74
1750.0,Delilah,Delilah.15@yopmail.com,913.6,15.0,5.17
1759.0,Christal,Christal.5@yopmail.com,886.33,5.0,4.56
1766.0,Lorenza,Lorenza.84@yopmail.com,628.75,84.0,5.93
1768.0,Merrie,Merrie.156@yopmail.com,350.39,156.0,4.96
1770.0,Damaris,Damaris.40@yopmail.com,421.37,40.0,5.09
1774.0,Jeanna,Jeanna.116@yopmail.com,295.34,116.0,4.97
1777.0,Etta,Etta.168@yopmail.com,248.61,168.0,4.78
1784.0,Tatiania,Tatiania.191@yopmail.com,54.35,191.0,4.92
1785.0,Rosene,Rosene.174@yopmail.com,646.08,174.0,5.76
1788.0,Madeleine,Madeleine.73@yopmail.com,843.71,73.0,5.16
1789.0,Jennica,Jennica.185@yopmail.com,453.4,185.0,4.97
1790.0,Aaren,Aaren.11@yopmail.com,344.7,11.0,5.05
1795.0,Elka,Elka.1@yopmail.com,3.76,1.0,4.71
1797.0,Lauryn,Lauryn.33@yopmail.com,932.98,33.0,4.97
1798.0,Alleen,Alleen.57@yopmail.com,116.85,57.0,6.0
1807.0,Jillayne,Jillayne.1@yopmail.com,848.19,1.0,5.76
1808.0,Catrina,Catrina.181@yopmail.com,377.84,181.0,5.63
1817.0,Shirlee,Shirlee.31@yopmail.com,450.72,31.0,4.79
1818.0,Ernesta,Ernesta.34@yopmail.com,243.25,34.0,5.33
1820.0,Aurelie,Aurelie.123@yopmail.com,941.8,123.0,4.61
1826.0,Tera,Tera.162@yopmail.com,820.98,162.0,5.09
1827.0,Henriette,Henriette.185@yopmail.com,256.23,185.0,4.91
1831.0,Riannon,Riannon.115@yopmail.com,573.1,115.0,4.94
1833.0,Cassandra,Cassandra.168@yopmail.com,220.76,168.0,5.31
1839.0,Devina,Devina.75@yopmail.com,414.49,75.0,4.74
1840.0,Almeta,Almeta.38@yopmail.com,110.31,38.0,5.09
1843.0,Caryl,Caryl.189@yopmail.com,291.01,189.0,5.05
1844.0,Candi,Candi.86@yopmail.com,704.65,86.0,5.57
1848.0,Celestyna,Celestyna.102@yopmail.com,659.81,102.0,5.09
1852.0,Lauryn,Lauryn.109@yopmail.com,162.34,109.0,5.23
1854.0,Chloris,Chloris.33@yopmail.com,51.67,33.0,5.68
1855.0,Ernesta,Ernesta.183@yopmail.com,437.79,183.0,5.97
1856.0,Carly,Carly.176@yopmail.com,457.55,176.0,4.51
1857.0,Althea,Althea.161@yopmail.com,653.49,161.0,5.84
1859.0,Flory,Flory.111@yopmail.com,622.59,111.0,5.47
1863.0,Elsie,Elsie.116@yopmail.com,741.58,116.0,5.76
1867.0,Alex,Alex.5@yopmail.com,462.69,5.0,5.51
1868.0,Deloria,Deloria.72@yopmail.com,506.59,72.0,5.87
1873.0,Elbertina,Elbertina.175@yopmail.com,389.53,175.0,5.4
1875.0,Neila,Neila.63@yopmail.com,708.3,63.0,5.48
1876.0,Winny,Winny.83@yopmail.com,784.7,83.0,5.73
1877.0,Luci,Luci.10@yopmail.com,296.81,10.0,5.31
1878.0,Hermione,Hermione.192@yopmail.com,619.66,192.0,5.61
1879.0,Jan,Jan.175@yopmail.com,88.06,175.0,4.98
1881.0,Aryn,Aryn.173@yopmail.com,876.79,173.0,5.05
1882.0,Netty,Netty.158@yopmail.com,963.61,158.0,5.22
1884.0,Bernie,Bernie.7@yopmail.com,271.05,7.0,5.48
1886.0,Devina,Devina.63@yopmail.com,282.18,63.0,4.72
1890.0,Kerrin,Kerrin.183@yopmail.com,128.02,183.0,5.71
1891.0,Emelina,Emelina.164@yopmail.com,694.43,164.0,5.71
1892.0,Alyda,Alyda.122@yopmail.com,286.78,122.0,5.75
1894.0,Odessa,Odessa.67@yopmail.com,854.85,67.0,5.52
1901.0,Ricky,Ricky.130@yopmail.com,48.61,130.0,4.95
1903.0,Devina,Devina.7@yopmail.com,490.0,7.0,4.82
1904.0,Caritta,Caritta.185@yopmail.com,622.84,185.0,4.52
1907.0,Ezmeralda,Ezmeralda.130@yopmail.com,753.84,130.0,4.57
1912.0,Vevay,Vevay.107@yopmail.com,112.2,107.0,5.78
1913.0,Dale,Dale.62@yopmail.com,413.65,62.0,4.72
1915.0,Kristina,Kristina.147@yopmail.com,96.29,147.0,5.0
1921.0,Kamilah,Kamilah.107@yopmail.com,172.34,107.0,4.92
1930.0,Eadie,Eadie.187@yopmail.com,361.4,187.0,5.77
1932.0,Ernesta,Ernesta.76@yopmail.com,179.74,76.0,5.97
1936.0,Cherilyn,Cherilyn.128@yopmail.com,920.75,128.0,4.9
1942.0,Fredericka,Fredericka.120@yopmail.com,98.42,120.0,5.34
1945.0,Priscilla,Priscilla.23@yopmail.com,77.6,23.0,5.3
1946.0,Dorene,Dorene.8@yopmail.com,192.15,8.0,4.89
1947.0,Pearline,Pearline.34@yopmail.com,513.58,34.0,5.29
1959.0,Siana,Siana.53@yopmail.com,790.1,53.0,5.44
1963.0,Ida,Ida.77@yopmail.com,436.33,77.0,5.74
1969.0,Joceline,Joceline.137@yopmail.com,519.94,137.0,4.84
1972.0,Dawn,Dawn.51@yopmail.com,679.45,51.0,5.65
1975.0,Ana,Ana.115@yopmail.com,720.89,115.0,4.68
1979.0,Heida,Heida.25@yopmail.com,372.08,25.0,5.29
1980.0,Clarice,Clarice.168@yopmail.com,589.14,168.0,5.74
1982.0,Rhoda,Rhoda.118@yopmail.com,782.51,118.0,5.69
1983.0,Gerianna,Gerianna.98@yopmail.com,497.98,98.0,5.35
1987.0,Cassondra,Cassondra.52@yopmail.com,452.5,52.0,5.24
1989.0,Corry,Corry.34@yopmail.com,944.61,34.0,5.37
1995.0,Johna,Johna.125@yopmail.com,451.5,125.0,5.83
1997.0,Edith,Edith.110@yopmail.com,945.59,110.0,4.72
2001.0,Felice,Felice.158@yopmail.com,802.78,158.0,4.64
2004.0,Flory,Flory.176@yopmail.com,115.94,176.0,5.74
2006.0,Pamella,Pamella.152@yopmail.com,294.28,152.0,5.09
2007.0,Eadie,Eadie.94@yopmail.com,189.72,94.0,5.17
2008.0,Courtnay,Courtnay.112@yopmail.com,252.76,112.0,5.33
2009.0,Gale,Gale.152@yopmail.com,19.16,152.0,5.18
2014.0,Rayna,Rayna.123@yopmail.com,263.38,123.0,5.63
2020.0,Cyb,Cyb.55@yopmail.com,5.33,55.0,5.7
2025.0,Dorthy,Dorthy.127@yopmail.com,307.47,127.0,5.47
2026.0,Raquela,Raquela.141@yopmail.com,64.07,141.0,5.11
2028.0,Chastity,Chastity.123@yopmail.com,184.36,123.0,4.64
2033.0,Angela,Angela.40@yopmail.com,606.77,40.0,5.8
2041.0,Vere,Vere.144@yopmail.com,508.76,144.0,5.86
2044.0,Rozele,Rozele.180@yopmail.com,160.74,180.0,5.58
2048.0,Lolita,Lolita.123@yopmail.com,49.87,123.0,5.44
2053.0,Elyssa,Elyssa.175@yopmail.com,416.5,175.0,5.35
2057.0,Ottilie,Ottilie.1@yopmail.com,682.37,1.0,5.36
2059.0,Sindee,Sindee.83@yopmail.com,287.23,83.0,5.55
2060.0,Alisha,Alisha.161@yopmail.com,493.08,161.0,5.95
2062.0,Gaylene,Gaylene.174@yopmail.com,632.82,174.0,4.7
2065.0,Candy,Candy.142@yopmail.com,629.57,142.0,5.5
2068.0,Deirdre,Deirdre.173@yopmail.com,896.14,173.0,4.56
2071.0,Karlee,Karlee.109@yopmail.com,822.89,109.0,4.62
2074.0,Darlleen,Darlleen.36@yopmail.com,941.47,36.0,5.93
2077.0,Aili,Aili.73@yopmail.com,415.55,73.0,5.33
2078.0,Sue,Sue.62@yopmail.com,60.5,62.0,5.63
2082.0,Jennica,Jennica.129@yopmail.com,542.5,129.0,5.04
2084.0,Nelle,Nelle.33@yopmail.com,588.32,33.0,4.87
2088.0,Rozele,Rozele.171@yopmail.com,464.23,171.0,5.55
2090.0,Jany,Jany.37@yopmail.com,757.46,37.0,4.75
2091.0,Elbertina,Elbertina.125@yopmail.com,415.45,125.0,5.18
2098.0,Brandise,Brandise.107@yopmail.com,952.55,107.0,4.79
2102.0,Jackie,Jackie.190@yopmail.com,269.0,190.0,5.73
2103.0,Taffy,Taffy.112@yopmail.com,683.64,112.0,5.14
2105.0,Laurene,Laurene.64@yopmail.com,13.45,64.0,5.66
2110.0,Carree,Carree.114@yopmail.com,589.91,114.0,5.29
2120.0,Annora,Annora.143@yopmail.com,459.77,143.0,5.1
2121.0,Camile,Camile.13@yopmail.com,297.42,13.0,5.6
2123.0,Cissiee,Cissiee.78@yopmail.com,460.63,78.0,5.61
2124.0,Iseabal,Iseabal.151@yopmail.com,395.7,151.0,4.53
2126.0,Heida,Heida.6@yopmail.com,708.49,6.0,5.46
2129.0,Aeriela,Aeriela.142@yopmail.com,523.36,142.0,5.72
2130.0,Dorothy,Dorothy.150@yopmail.com,446.89,150.0,4.97
2133.0,Jemie,Jemie.192@yopmail.com,239.12,192.0,5.4
2143.0,Carree,Carree.90@yopmail.com,365.99,90.0,5.36
2144.0,Carolina,Carolina.112@yopmail.com,820.27,112.0,5.32
2150.0,Genovera,Genovera.109@yopmail.com,845.9,109.0,5.93
2160.0,Dorice,Dorice.63@yopmail.com,693.43,63.0,5.79
2165.0,Valera,Valera.5@yopmail.com,41.21,5.0,5.97
2172.0,Rori,Rori.115@yopmail.com,613.07,115.0,5.27
2174.0,Emilia,Emilia.21@yopmail.com,610.03,21.0,5.15
2175.0,Cam,Cam.174@yopmail.com,91.91,174.0,4.96
2177.0,Clementine,Clementine.20@yopmail.com,331.24,20.0,4.77
2184.0,Charlena,Charlena.120@yopmail.com,813.31,120.0,4.84
2187.0,Stacey,Stacey.4@yopmail.com,458.84,4.0,5.59
2188.0,Joceline,Joceline.35@yopmail.com,143.35,35.0,5.73
2190.0,Candy,Candy.145@yopmail.com,836.58,145.0,5.15
2191.0,Rori,Rori.88@yopmail.com,171.06,88.0,4.73
2199.0,Charlena,Charlena.26@yopmail.com,58.91,26.0,4.53
2202.0,Ricky,Ricky.151@yopmail.com,51.2,151.0,5.61
2204.0,Chere,Chere.183@yopmail.com,561.89,183.0,5.04
2205.0,Valeda,Valeda.162@yopmail.com,78.77,162.0,5.41
2208.0,Heddie,Heddie.130@yopmail.com,696.25,130.0,4.66
2211.0,Siana,Siana.51@yopmail.com,790.04,51.0,4.81
2214.0,Jeanna,Jeanna.103@yopmail.com,426.07,103.0,4.77
2219.0,Babita,Babita.52@yopmail.com,545.1,52.0,4.83
2222.0,Jaclyn,Jaclyn.162@yopmail.com,539.27,162.0,5.69
2230.0,Maryellen,Maryellen.172@yopmail.com,728.72,172.0,5.38
2232.0,Randa,Randa.111@yopmail.com,963.05,111.0,6.0
2235.0,Lenna,Lenna.198@yopmail.com,293.92,198.0,5.56
2237.0,Iseabal,Iseabal.127@yopmail.com,486.88,127.0,5.67
2238.0,Zsa Zsa,Zsa Zsa.13@yopmail.com,820.13,13.0,4.5
2241.0,Corry,Corry.181@yopmail.com,613.19,181.0,5.58
2246.0,Jessy,Jessy.165@yopmail.com,375.66,165.0,5.42
2252.0,Brianna,Brianna.53@yopmail.com,153.49,53.0,5.64
2253.0,Lolita,Lolita.28@yopmail.com,108.07,28.0,4.92
2259.0,Renie,Renie.119@yopmail.com,433.12,119.0,4.83
2262.0,Tierney,Tierney.166@yopmail.com,515.75,166.0,4.63
2272.0,Michaelina,Michaelina.120@yopmail.com,216.54,120.0,5.59
2274.0,Sarette,Sarette.29@yopmail.com,157.85,29.0,4.57
2277.0,Jackie,Jackie.76@yopmail.com,793.62,76.0,4.5
2284.0,Constance,Constance.190@yopmail.com,296.2,190.0,4.65
2285.0,Jordan,Jordan.24@yopmail.com,651.49,24.0,5.46
2287.0,Ardys,Ardys.187@yopmail.com,631.37,187.0,5.14
2288.0,Consuela,Consuela.149@yopmail.com,958.0,149.0,5.73
2291.0,Chere,Chere.112@yopmail.com,265.78,112.0,5.45
2297.0,Edee,Edee.23@yopmail.com,91.46,23.0,5.67
2298.0,Bernardine,Bernardine.61@yopmail.com,225.97,61.0,5.77
2301.0,Pollyanna,Pollyanna.169@yopmail.com,268.76,169.0,5.04
2308.0,Cindelyn,Cindelyn.195@yopmail.com,900.28,195.0,5.61
2325.0,Donetta,Donetta.195@yopmail.com,690.81,195.0,5.47
2326.0,Tobe,Tobe.84@yopmail.com,381.6,84.0,4.58
2327.0,Angelique,Angelique.94@yopmail.com,667.01,94.0,4.74
2329.0,Britni,Britni.107@yopmail.com,729.16,107.0,5.48
2331.0,Alyda,Alyda.179@yopmail.com,29.11,179.0,4.84
2332.0,Ada,Ada.188@yopmail.com,768.08,188.0,4.52
2333.0,Ada,Ada.165@yopmail.com,327.59,165.0,5.94
2334.0,Flory,Flory.116@yopmail.com,130.49,116.0,5.91
2338.0,Winny,Winny.130@yopmail.com,363.17,130.0,4.81
2340.0,Keelia,Keelia.16@yopmail.com,395.77,16.0,5.37
2342.0,Daryl,Daryl.55@yopmail.com,8.51,55.0,4.64
2343.0,Madalyn,Madalyn.113@yopmail.com,145.39,113.0,5.49
2345.0,Gloria,Gloria.45@yopmail.com,754.32,45.0,5.21
2349.0,Mireielle,Mireielle.122@yopmail.com,711.5,122.0,4.83
2352.0,Corina,Corina.149@yopmail.com,473.29,149.0,5.26
2354.0,Tomasina,Tomasina.184@yopmail.com,16.87,184.0,4.66
2357.0,Maud,Maud.57@yopmail.com,85.08,57.0,5.22
2359.0,Wilma,Wilma.58@yopmail.com,350.24,58.0,5.14
2367.0,Lanna,Lanna.31@yopmail.com,35.56,31.0,4.95
2368.0,Daphne,Daphne.96@yopmail.com,705.17,96.0,5.67
2369.0,Odessa,Odessa.108@yopmail.com,467.85,108.0,5.97
2370.0,Ira,Ira.194@yopmail.com,672.27,194.0,5.42
2376.0,Charmaine,Charmaine.2@yopmail.com,76.5,2.0,4.78
2378.0,Esmeralda,Esmeralda.21@yopmail.com,669.28,21.0,4.72
2381.0,Mariann,Mariann.63@yopmail.com,157.33,63.0,4.64
2383.0,Meghann,Meghann.89@yopmail.com,279.12,89.0,5.37
2385.0,Giustina,Giustina.85@yopmail.com,951.51,85.0,5.23
2390.0,Celestyna,Celestyna.161@yopmail.com,304.49,161.0,4.74
2393.0,Stephanie,Stephanie.92@yopmail.com,918.06,92.0,4.52
2396.0,Beatriz,Beatriz.171@yopmail.com,316.16,171.0,5.48
2401.0,Pearline,Pearline.73@yopmail.com,789.42,73.0,5.41
2403.0,Jacquetta,Jacquetta.10@yopmail.com,60.4,10.0,5.38
2406.0,Britte,Britte.159@yopmail.com,29.05,159.0,5.62
2408.0,Cristine,Cristine.65@yopmail.com,978.12,65.0,5.65
2417.0,Cassondra,Cassondra.105@yopmail.com,168.51,105.0,5.64
2421.0,Layla,Layla.112@yopmail.com,289.44,112.0,4.53
2423.0,Madalyn,Madalyn.133@yopmail.com,877.09,133.0,5.65
2424.0,Shaylyn,Shaylyn.186@yopmail.com,658.48,186.0,4.54
2425.0,Kellen,Kellen.194@yopmail.com,384.06,194.0,5.1
2427.0,Genovera,Genovera.110@yopmail.com,979.87,110.0,5.91
2429.0,Glynnis,Glynnis.75@yopmail.com,671.5,75.0,5.76
2435.0,Fred,Fred.158@yopmail.com,117.31,158.0,5.91
2436.0,Caressa,Caressa.3@yopmail.com,5.36,3.0,5.15
2439.0,Gabriellia,Gabriellia.156@yopmail.com,681.07,156.0,5.82
2440.0,Carilyn,Carilyn.77@yopmail.com,178.36,77.0,5.48
2441.0,Joane,Joane.177@yopmail.com,365.12,177.0,5.62
2444.0,Zsa Zsa,Zsa Zsa.58@yopmail.com,449.11,58.0,4.85
2445.0,Genovera,Genovera.83@yopmail.com,426.19,83.0,5.64
2451.0,Lizzie,Lizzie.21@yopmail.com,80.86,21.0,5.55
2454.0,Tierney,Tierney.31@yopmail.com,664.81,31.0,5.23
2456.0,Romona,Romona.26@yopmail.com,850.0,26.0,4.8
2461.0,Rori,Rori.21@yopmail.com,956.06,21.0,5.4
2462.0,Melodie,Melodie.92@yopmail.com,645.8,92.0,4.82
2463.0,Annaliese,Annaliese.27@yopmail.com,634.89,27.0,5.23
2465.0,Gerianna,Gerianna.186@yopmail.com,225.8,186.0,4.59
2469.0,Keelia,Keelia.184@yopmail.com,448.61,184.0,5.74
2470.0,Flo,Flo.136@yopmail.com,167.6,136.0,4.82
2471.0,Judy,Judy.97@yopmail.com,726.57,97.0,4.86
2472.0,Kassey,Kassey.63@yopmail.com,794.6,63.0,5.24
2474.0,Winny,Winny.131@yopmail.com,833.66,131.0,5.7
2476.0,Fina,Fina.155@yopmail.com,167.56,155.0,5.73
2480.0,Carly,Carly.151@yopmail.com,703.99,151.0,5.44
2482.0,Georgina,Georgina.117@yopmail.com,398.22,117.0,5.78
2483.0,Giustina,Giustina.166@yopmail.com,413.7,166.0,5.55
2489.0,Ilse,Ilse.108@yopmail.com,742.93,108.0,5.92
2494.0,Catrina,Catrina.146@yopmail.com,864.63,146.0,5.41
2495.0,Sissy,Sissy.39@yopmail.com,426.23,39.0,5.63
2496.0,Susan,Susan.103@yopmail.com,938.57,103.0,5.89
2500.0,Beth,Beth.177@yopmail.com,883.75,177.0,5.77
2503.0,Caressa,Caressa.74@yopmail.com,803.91,74.0,5.65
2504.0,Frances,Frances.116@yopmail.com,512.44,116.0,5.45
2506.0,Rebeca,Rebeca.135@yopmail.com,118.09,135.0,4.91
2508.0,Viki,Viki.115@yopmail.com,814.79,115.0,5.88
2509.0,Janis,Janis.4@yopmail.com,832.3,4.0,4.69
2513.0,Daphne,Daphne.120@yopmail.com,661.98,120.0,5.94
2514.0,Wendi,Wendi.184@yopmail.com,891.96,184.0,5.3
2515.0,Joceline,Joceline.17@yopmail.com,879.4,17.0,5.7
2523.0,Karina,Karina.20@yopmail.com,649.39,20.0,5.82
2525.0,Ellette,Ellette.153@yopmail.com,633.71,153.0,5.19
2527.0,Neila,Neila.93@yopmail.com,528.09,93.0,5.04
2529.0,Maurene,Maurene.88@yopmail.com,348.36,88.0,5.27
2531.0,Ofilia,Ofilia.87@yopmail.com,850.45,87.0,5.03
2538.0,Kimberley,Kimberley.86@yopmail.com,950.82,86.0,5.99
2539.0,Merry,Merry.75@yopmail.com,994.37,75.0,5.35
2540.0,Cecile,Cecile.198@yopmail.com,678.69,198.0,6.0
2546.0,Annaliese,Annaliese.151@yopmail.com,575.97,151.0,5.66
2549.0,Jenda,Jenda.56@yopmail.com,524.17,56.0,5.42
2553.0,Gusella,Gusella.147@yopmail.com,786.14,147.0,5.72
2557.0,Vere,Vere.115@yopmail.com,34.09,115.0,5.45
2559.0,Briney,Briney.133@yopmail.com,638.57,133.0,5.28
2562.0,Lorenza,Lorenza.36@yopmail.com,906.7,36.0,4.71
2564.0,Joeann,Joeann.192@yopmail.com,491.54,192.0,4.69
2565.0,Lorie,Lorie.88@yopmail.com,308.12,88.0,5.79
2567.0,Heida,Heida.106@yopmail.com,794.05,106.0,5.44
2578.0,Larine,Larine.18@yopmail.com,771.74,18.0,5.88
2583.0,Danika,Danika.109@yopmail.com,577.0,109.0,5.42
2584.0,Lila,Lila.178@yopmail.com,345.71,178.0,4.68
2585.0,Aili,Aili.125@yopmail.com,682.68,125.0,5.01
2589.0,Frances,Frances.39@yopmail.com,55.18,39.0,5.52
2595.0,Eolanda,Eolanda.77@yopmail.com,856.58,77.0,5.74
2596.0,Alexine,Alexine.51@yopmail.com,671.91,51.0,5.09
2598.0,Zia,Zia.13@yopmail.com,692.64,13.0,5.86
2599.0,Ketti,Ketti.41@yopmail.com,901.98,41.0,5.15
2600.0,Jaime,Jaime.56@yopmail.com,654.17,56.0,4.64
2607.0,Gwyneth,Gwyneth.87@yopmail.com,677.54,87.0,5.16
2610.0,Andree,Andree.150@yopmail.com,859.17,150.0,5.63
2611.0,Elie,Elie.174@yopmail.com,921.46,174.0,4.62
2613.0,Alisha,Alisha.161@yopmail.com,894.36,161.0,4.84
2621.0,Constance,Constance.24@yopmail.com,930.3,24.0,5.42
2626.0,Karina,Karina.165@yopmail.com,786.48,165.0,4.62
2627.0,Lorenza,Lorenza.134@yopmail.com,469.24,134.0,5.97
2629.0,Dale,Dale.35@yopmail.com,607.42,35.0,4.55
2648.0,Katuscha,Katuscha.127@yopmail.com,723.57,127.0,4.59
2651.0,Molli,Molli.180@yopmail.com,611.14,180.0,5.54
2657.0,Ayn,Ayn.176@yopmail.com,73.41,176.0,5.44
2663.0,Sherrie,Sherrie.198@yopmail.com,988.22,198.0,4.94
2673.0,Sibella,Sibella.124@yopmail.com,899.38,124.0,4.92
2678.0,Frank,Frank.83@yopmail.com,161.61,83.0,5.68
2684.0,Valli,Valli.166@yopmail.com,253.49,166.0,5.81
2685.0,Arabel,Arabel.99@yopmail.com,872.16,99.0,4.57
2686.0,Dorice,Dorice.33@yopmail.com,171.95,33.0,4.6
2687.0,Corry,Corry.51@yopmail.com,394.65,51.0,5.96
2693.0,Briney,Briney.119@yopmail.com,390.23,119.0,5.4
2696.0,Lizzie,Lizzie.65@yopmail.com,545.75,65.0,4.84
2697.0,Bee,Bee.36@yopmail.com,376.44,36.0,5.82
2698.0,Miquela,Miquela.83@yopmail.com,115.18,83.0,5.23
2701.0,Helena,Helena.1@yopmail.com,752.02,1.0,4.5
2709.0,Wendi,Wendi.51@yopmail.com,364.19,51.0,5.78
2710.0,Hettie,Hettie.164@yopmail.com,466.78,164.0,5.82
2711.0,Vonny,Vonny.118@yopmail.com,965.84,118.0,5.14
2717.0,Molli,Molli.91@yopmail.com,744.51,91.0,4.73
2718.0,Loree,Loree.25@yopmail.com,212.53,25.0,5.02
2719.0,Brooks,Brooks.72@yopmail.com,987.49,72.0,4.76
2722.0,Annora,Annora.69@yopmail.com,52.72,69.0,5.19
2726.0,Roslyn,Roslyn.77@yopmail.com,204.37,77.0,5.3
2728.0,Christy,Christy.56@yopmail.com,351.06,56.0,4.59
2729.0,Selia,Selia.127@yopmail.com,876.01,127.0,5.23
2731.0,Corina,Corina.152@yopmail.com,636.04,152.0,4.94
2732.0,Damaris,Damaris.71@yopmail.com,439.73,71.0,5.09
2736.0,Viki,Viki.104@yopmail.com,386.61,104.0,5.56
2738.0,Jan,Jan.156@yopmail.com,295.8,156.0,5.3
2743.0,Dode,Dode.49@yopmail.com,333.45,49.0,5.86
2744.0,Monika,Monika.21@yopmail.com,345.78,21.0,5.09
2756.0,Susan,Susan.5@yopmail.com,87.73,5.0,5.82
2761.0,Marguerite,Marguerite.93@yopmail.com,140.11,93.0,5.86
2762.0,Tami,Tami.193@yopmail.com,979.42,193.0,4.88
2765.0,Maryellen,Maryellen.91@yopmail.com,893.74,91.0,4.69
2768.0,Amara,Amara.100@yopmail.com,953.25,100.0,5.18
2769.0,Janenna,Janenna.97@yopmail.com,582.32,97.0,5.29
2773.0,Corene,Corene.41@yopmail.com,965.1,41.0,5.6
2776.0,Lily,Lily.45@yopmail.com,674.54,45.0,4.66
2777.0,Henriette,Henriette.22@yopmail.com,6.25,22.0,4.76
2780.0,Angelique,Angelique.16@yopmail.com,963.77,16.0,4.59
2789.0,Lexine,Lexine.@yopmail.com,905.46,0.0,4.7
2795.0,Atlanta,Atlanta.103@yopmail.com,176.45,103.0,4.97
2799.0,Dolli,Dolli.149@yopmail.com,409.86,149.0,5.19
2800.0,Brana,Brana.100@yopmail.com,451.78,100.0,5.85
2801.0,Donnie,Donnie.192@yopmail.com,669.88,192.0,5.15
2802.0,Hallie,Hallie.16@yopmail.com,493.12,16.0,5.95
2810.0,Tilly,Tilly.117@yopmail.com,192.91,117.0,4.57
2811.0,Dulcinea,Dulcinea.108@yopmail.com,714.43,108.0,5.29
2812.0,Sophia,Sophia.16@yopmail.com,822.5,16.0,5.23
2814.0,Kate,Kate.21@yopmail.com,616.32,21.0,5.81
2815.0,Deloria,Deloria.35@yopmail.com,919.57,35.0,4.96
2816.0,Annaliese,Annaliese.31@yopmail.com,870.87,31.0,5.65
2819.0,Jackie,Jackie.173@yopmail.com,180.88,173.0,5.38
2821.0,Marita,Marita.186@yopmail.com,316.25,186.0,5.2
2822.0,Britni,Britni.17@yopmail.com,348.16,17.0,5.41
2827.0,Danika,Danika.1@yopmail.com,257.08,1.0,5.36
2828.0,Zondra,Zondra.172@yopmail.com,109.64,172.0,4.68
2829.0,Libbie,Libbie.126@yopmail.com,384.01,126.0,5.8
2833.0,Brooks,Brooks.30@yopmail.com,350.87,30.0,4.58
2834.0,Karina,Karina.74@yopmail.com,780.52,74.0,4.71
2835.0,Sashenka,Sashenka.138@yopmail.com,809.28,138.0,5.53
2838.0,Sidoney,Sidoney.63@yopmail.com,858.05,63.0,5.37
2840.0,Marjie,Marjie.143@yopmail.com,561.81,143.0,5.4
2842.0,Mady,Mady.68@yopmail.com,662.96,68.0,5.73
2845.0,Collen,Collen.92@yopmail.com,658.68,92.0,5.96
2848.0,Cathie,Cathie.36@yopmail.com,235.55,36.0,5.21
2849.0,Dode,Dode.178@yopmail.com,849.53,178.0,5.83
2850.0,Paule,Paule.95@yopmail.com,542.11,95.0,4.78
2856.0,Kristina,Kristina.124@yopmail.com,539.72,124.0,4.97
2857.0,Hyacinthe,Hyacinthe.37@yopmail.com,63.47,37.0,5.0
2858.0,Odessa,Odessa.164@yopmail.com,894.2,164.0,4.69
2862.0,Feliza,Feliza.113@yopmail.com,859.87,113.0,5.55
2863.0,Addia,Addia.50@yopmail.com,687.74,50.0,5.34
2869.0,Rosanne,Rosanne.54@yopmail.com,90.39,54.0,4.91
2870.0,Neila,Neila.79@yopmail.com,905.62,79.0,5.04
2877.0,Perry,Perry.150@yopmail.com,269.08,150.0,5.9
2878.0,Belva,Belva.144@yopmail.com,141.32,144.0,5.31
2879.0,Damaris,Damaris.142@yopmail.com,643.17,142.0,5.11
2882.0,Tina,Tina.60@yopmail.com,160.16,60.0,4.52
2884.0,Kate,Kate.194@yopmail.com,591.63,194.0,5.99
2886.0,Lynea,Lynea.176@yopmail.com,594.89,176.0,5.51
2894.0,Penelopa,Penelopa.134@yopmail.com,372.97,134.0,5.79
2900.0,Marinna,Marinna.141@yopmail.com,399.92,141.0,4.68
2902.0,Kathy,Kathy.179@yopmail.com,379.18,179.0,5.99
2903.0,Cissiee,Cissiee.70@yopmail.com,437.24,70.0,4.71
2906.0,Maryellen,Maryellen.168@yopmail.com,850.06,168.0,5.73
2913.0,Doro,Doro.170@yopmail.com,192.49,170.0,4.56
2914.0,Vita,Vita.119@yopmail.com,341.51,119.0,5.68
2920.0,Jaime,Jaime.72@yopmail.com,149.76,72.0,5.31
2922.0,Nita,Nita.157@yopmail.com,939.75,157.0,4.77
2923.0,Marline,Marline.150@yopmail.com,590.09,150.0,5.57
2927.0,Lynde,Lynde.167@yopmail.com,267.34,167.0,5.32
2928.0,Petronia,Petronia.143@yopmail.com,30.68,143.0,5.46
2929.0,Morganica,Morganica.100@yopmail.com,831.96,100.0,4.61
2931.0,Jany,Jany.196@yopmail.com,268.56,196.0,4.94
2933.0,Tiffie,Tiffie.136@yopmail.com,617.05,136.0,4.73
2935.0,Karena,Karena.141@yopmail.com,832.88,141.0,5.61
2938.0,Robbi,Robbi.1@yopmail.com,145.76,1.0,5.87
2946.0,Phedra,Phedra.38@yopmail.com,530.31,38.0,4.57
2954.0,Sadie,Sadie.173@yopmail.com,692.78,173.0,5.15
2956.0,Gertrud,Gertrud.139@yopmail.com,156.81,139.0,5.44
2958.0,Hermione,Hermione.8@yopmail.com,136.94,8.0,4.85
2959.0,Shell,Shell.173@yopmail.com,161.95,173.0,5.94
2962.0,Renae,Renae.70@yopmail.com,389.48,70.0,5.4
2967.0,Rani,Rani.191@yopmail.com,246.41,191.0,5.84
2968.0,Sophia,Sophia.124@yopmail.com,978.78,124.0,4.53
2979.0,Cherilyn,Cherilyn.56@yopmail.com,3.54,56.0,5.82
2981.0,Coral,Coral.3@yopmail.com,301.49,3.0,5.86
2982.0,Selia,Selia.34@yopmail.com,999.05,34.0,5.58
2985.0,Tani,Tani.49@yopmail.com,170.72,49.0,4.59
2990.0,Fernande,Fernande.90@yopmail.com,962.91,90.0,5.67
2994.0,Mireielle,Mireielle.107@yopmail.com,425.6,107.0,4.66
2995.0,Nollie,Nollie.155@yopmail.com,76.2,155.0,4.54
2996.0,Dorthy,Dorthy.139@yopmail.com,678.23,139.0,5.71
3001.0,Talya,Talya.147@yopmail.com,591.23,147.0,5.34
3005.0,Britte,Britte.156@yopmail.com,6.12,156.0,4.64
3011.0,Cathyleen,Cathyleen.151@yopmail.com,454.26,151.0,5.07
3014.0,Gloria,Gloria.25@yopmail.com,514.49,25.0,4.63
3019.0,Dianemarie,Dianemarie.130@yopmail.com,483.89,130.0,5.69
3020.0,Mahalia,Mahalia.52@yopmail.com,74.98,52.0,5.23
3022.0,Jemie,Jemie.174@yopmail.com,981.06,174.0,4.5
3025.0,Etta,Etta.102@yopmail.com,487.85,102.0,5.72
3029.0,Miquela,Miquela.121@yopmail.com,512.42,121.0,5.44
3032.0,Mary,Mary.8@yopmail.com,787.14,8.0,4.82
3035.0,Marleah,Marleah.180@yopmail.com,754.67,180.0,4.5
3037.0,Rebeca,Rebeca.115@yopmail.com,231.11,115.0,5.99
3041.0,Ursulina,Ursulina.55@yopmail.com,928.24,55.0,5.45
3043.0,Luci,Luci.92@yopmail.com,32.94,92.0,5.18
3049.0,Paule,Paule.179@yopmail.com,780.52,179.0,5.26
3053.0,Rubie,Rubie.77@yopmail.com,267.81,77.0,5.51
3054.0,Phedra,Phedra.43@yopmail.com,824.15,43.0,5.14
3055.0,Cassondra,Cassondra.45@yopmail.com,456.21,45.0,4.7
3058.0,Alie,Alie.171@yopmail.com,739.78,171.0,5.15
3065.0,Devina,Devina.85@yopmail.com,928.41,85.0,5.93
3070.0,Tomasina,Tomasina.154@yopmail.com,154.56,154.0,5.5
3077.0,Micheline,Micheline.197@yopmail.com,676.07,197.0,5.16
3080.0,Orelia,Orelia.53@yopmail.com,619.65,53.0,5.65
3083.0,Blondelle,Blondelle.110@yopmail.com,135.68,110.0,5.12
3096.0,Sean,Sean.85@yopmail.com,785.85,85.0,5.06
3102.0,Jaime,Jaime.3@yopmail.com,475.61,3.0,5.22
3107.0,Sadie,Sadie.196@yopmail.com,133.28,196.0,5.1
3116.0,Atlanta,Atlanta.62@yopmail.com,774.57,62.0,4.76
3122.0,Merci,Merci.188@yopmail.com,489.72,188.0,5.96
3136.0,Deane,Deane.53@yopmail.com,905.96,53.0,5.33
3142.0,Elora,Elora.54@yopmail.com,687.88,54.0,5.16
3149.0,Kate,Kate.146@yopmail.com,138.06,146.0,4.9
3151.0,Sheelagh,Sheelagh.157@yopmail.com,841.21,157.0,5.33
3154.0,Ana,Ana.137@yopmail.com,985.79,137.0,4.58
3156.0,Ruthe,Ruthe.123@yopmail.com,897.24,123.0,5.17
3157.0,Eugine,Eugine.172@yopmail.com,519.3,172.0,5.38
3163.0,Amii,Amii.158@yopmail.com,260.77,158.0,5.28
3167.0,Jolyn,Jolyn.200@yopmail.com,400.97,200.0,4.85
3170.0,Romona,Romona.171@yopmail.com,616.3,171.0,5.12
3174.0,Sonni,Sonni.7@yopmail.com,518.31,7.0,5.49
3176.0,Alejandra,Alejandra.153@yopmail.com,986.81,153.0,4.65
3177.0,Fredericka,Fredericka.190@yopmail.com,643.5,190.0,4.53
3178.0,Doralynne,Doralynne.45@yopmail.com,871.2,45.0,5.47
3180.0,Cyb,Cyb.168@yopmail.com,662.66,168.0,5.63
3185.0,Konstance,Konstance.9@yopmail.com,298.83,9.0,4.67
3186.0,Sara-Ann,Sara-Ann.96@yopmail.com,339.62,96.0,4.86
3187.0,Tamqrah,Tamqrah.138@yopmail.com,52.04,138.0,5.91
3188.0,Codie,Codie.112@yopmail.com,629.72,112.0,5.72
3190.0,Tatiania,Tatiania.12@yopmail.com,864.88,12.0,5.55
3199.0,Claudina,Claudina.122@yopmail.com,885.68,122.0,5.12
3202.0,Shaine,Shaine.26@yopmail.com,814.6,26.0,5.63
3205.0,Ruthe,Ruthe.94@yopmail.com,93.64,94.0,5.92
3206.0,Deane,Deane.35@yopmail.com,699.52,35.0,5.7
3208.0,Kaia,Kaia.75@yopmail.com,245.72,75.0,5.53
3215.0,Melanie,Melanie.80@yopmail.com,521.35,80.0,5.26
3220.0,Winny,Winny.129@yopmail.com,107.01,129.0,5.08
3222.0,Sherrie,Sherrie.117@yopmail.com,768.11,117.0,5.01
3227.0,Jackie,Jackie.53@yopmail.com,981.07,53.0,4.71
3237.0,Mamie,Mamie.42@yopmail.com,911.96,42.0,5.11
3241.0,Lynea,Lynea.117@yopmail.com,559.45,117.0,5.38
3246.0,Myrtice,Myrtice.101@yopmail.com,997.15,101.0,4.92
3248.0,Bill,Bill.189@yopmail.com,5.75,189.0,4.71
3249.0,Lauryn,Lauryn.78@yopmail.com,340.85,78.0,5.41
3252.0,Albertina,Albertina.102@yopmail.com,734.75,102.0,4.65
3256.0,Dulce,Dulce.157@yopmail.com,268.68,157.0,4.92
3257.0,Cindelyn,Cindelyn.13@yopmail.com,212.91,13.0,5.12
3258.0,Larine,Larine.28@yopmail.com,552.94,28.0,5.87
3260.0,Hollie,Hollie.59@yopmail.com,634.73,59.0,4.56
3264.0,Carmencita,Carmencita.14@yopmail.com,509.49,14.0,4.98
3271.0,Hallie,Hallie.102@yopmail.com,992.88,102.0,4.99
3273.0,Meghann,Meghann.182@yopmail.com,183.14,182.0,4.6
3275.0,Teddie,Teddie.155@yopmail.com,126.42,155.0,4.53
3283.0,Inga,Inga.130@yopmail.com,369.68,130.0,5.48
3290.0,Karina,Karina.62@yopmail.com,894.35,62.0,5.31
3295.0,Ursulina,Ursulina.40@yopmail.com,799.25,40.0,4.94
3298.0,Daune,Daune.30@yopmail.com,486.59,30.0,5.45
3303.0,Marita,Marita.@yopmail.com,964.17,0.0,4.78
3305.0,Georgina,Georgina.63@yopmail.com,249.28,63.0,5.04
3307.0,Netty,Netty.71@yopmail.com,883.47,71.0,4.55
3310.0,Halette,Halette.72@yopmail.com,830.35,72.0,5.94
3311.0,Cindelyn,Cindelyn.148@yopmail.com,939.74,148.0,4.7
3312.0,Concettina,Concettina.178@yopmail.com,28.91,178.0,4.64
3319.0,Sibella,Sibella.57@yopmail.com,862.52,57.0,5.05
3324.0,Delilah,Delilah.127@yopmail.com,473.94,127.0,5.47
3326.0,Teriann,Teriann.16@yopmail.com,5.23,16.0,5.6
3329.0,Winifred,Winifred.@yopmail.com,300.16,0.0,5.07
3330.0,Melodie,Melodie.164@yopmail.com,685.9,164.0,4.67
3331.0,Teriann,Teriann.188@yopmail.com,490.28,188.0,4.68
3333.0,Dotty,Dotty.120@yopmail.com,740.08,120.0,4.56
3336.0,Beatriz,Beatriz.170@yopmail.com,94.9,170.0,4.5
3338.0,Margette,Margette.185@yopmail.com,485.98,185.0,5.34
3339.0,Aeriela,Aeriela.135@yopmail.com,577.62,135.0,5.27
3344.0,Rosabelle,Rosabelle.155@yopmail.com,905.86,155.0,4.9
3346.0,Pierette,Pierette.89@yopmail.com,816.16,89.0,4.51
3348.0,Sallie,Sallie.45@yopmail.com,706.28,45.0,5.19
3351.0,Nickie,Nickie.34@yopmail.com,243.42,34.0,5.46
3352.0,Andeee,Andeee.125@yopmail.com,576.77,125.0,4.87
3356.0,Tybie,Tybie.140@yopmail.com,668.07,140.0,4.64
3361.0,Alisha,Alisha.169@yopmail.com,772.18,169.0,4.98
3362.0,Theodora,Theodora.53@yopmail.com,169.72,53.0,5.33
3375.0,Elie,Elie.100@yopmail.com,823.8,100.0,5.85
3378.0,Pamella,Pamella.151@yopmail.com,98.51,151.0,4.6
3381.0,Alyssa,Alyssa.8@yopmail.com,979.3,8.0,5.03
3385.0,Mamie,Mamie.179@yopmail.com,718.63,179.0,5.19
3387.0,Monika,Monika.103@yopmail.com,180.17,103.0,4.54
3393.0,Meg,Meg.137@yopmail.com,794.87,137.0,5.45
3394.0,Danny,Danny.168@yopmail.com,643.2,168.0,5.89
3395.0,Melodie,Melodie.174@yopmail.com,13.54,174.0,5.67
3396.0,Anallese,Anallese.99@yopmail.com,524.78,99.0,4.65
3400.0,Dania,Dania.116@yopmail.com,542.3,116.0,4.74
3402.0,Riannon,Riannon.182@yopmail.com,948.84,182.0,4.72
3409.0,Ezmeralda,Ezmeralda.184@yopmail.com,737.25,184.0,4.83
3412.0,Fawne,Fawne.15@yopmail.com,884.85,15.0,5.27
3414.0,Karly,Karly.176@yopmail.com,754.71,176.0,5.94
3418.0,Rhoda,Rhoda.115@yopmail.com,297.28,115.0,4.54
3421.0,Wileen,Wileen.52@yopmail.com,950.86,52.0,5.48
3423.0,Beth,Beth.166@yopmail.com,205.94,166.0,5.32
3428.0,Lynnea,Lynnea.12@yopmail.com,35.93,12.0,4.81
3438.0,Codie,Codie.97@yopmail.com,38.71,97.0,5.4
3447.0,Elbertina,Elbertina.41@yopmail.com,352.61,41.0,5.44
3449.0,Fanchon,Fanchon.143@yopmail.com,882.9,143.0,4.53
3454.0,Alex,Alex.55@yopmail.com,672.14,55.0,4.7
3458.0,Zia,Zia.6@yopmail.com,204.6,6.0,4.74
3463.0,Lorenza,Lorenza.116@yopmail.com,912.17,116.0,4.68
3464.0,Annaliese,Annaliese.1@yopmail.com,243.96,1.0,5.48
3465.0,Adelle,Adelle.97@yopmail.com,884.3,97.0,4.96
3471.0,Ebonee,Ebonee.32@yopmail.com,527.16,32.0,4.54
3472.0,Desirae,Desirae.132@yopmail.com,203.52,132.0,5.86
3474.0,Flo,Flo.178@yopmail.com,821.42,178.0,4.99
3478.0,Nariko,Nariko.60@yopmail.com,462.75,60.0,4.73
3479.0,Wileen,Wileen.140@yopmail.com,888.01,140.0,4.99
3486.0,Sonni,Sonni.15@yopmail.com,665.97,15.0,5.96
3494.0,Ezmeralda,Ezmeralda.79@yopmail.com,1000.14,79.0,4.94
3498.0,Keelia,Keelia.147@yopmail.com,22.75,147.0,4.74
3503.0,Anallese,Anallese.146@yopmail.com,540.31,146.0,5.71
3508.0,Camile,Camile.188@yopmail.com,25.65,188.0,5.24
3513.0,Helena,Helena.61@yopmail.com,695.44,61.0,4.53
3518.0,Marti,Marti.124@yopmail.com,561.57,124.0,5.77
3520.0,Karina,Karina.167@yopmail.com,152.42,167.0,4.51
3521.0,Romona,Romona.107@yopmail.com,83.07,107.0,5.59
3522.0,Jacenta,Jacenta.30@yopmail.com,561.63,30.0,5.1
3524.0,Carmela,Carmela.152@yopmail.com,279.67,152.0,5.78
3525.0,Cassandra,Cassandra.69@yopmail.com,295.63,69.0,5.78
3528.0,Marti,Marti.18@yopmail.com,939.36,18.0,4.84
3532.0,Betta,Betta.94@yopmail.com,299.3,94.0,5.4
3541.0,Paulita,Paulita.102@yopmail.com,109.2,102.0,4.93
3547.0,Minda,Minda.57@yopmail.com,92.32,57.0,5.51
3554.0,Lynnea,Lynnea.84@yopmail.com,787.97,84.0,4.59
3558.0,Heida,Heida.189@yopmail.com,973.29,189.0,5.28
3561.0,Kate,Kate.185@yopmail.com,953.62,185.0,5.35
3563.0,Gertrud,Gertrud.163@yopmail.com,84.57,163.0,4.95
3567.0,Edee,Edee.57@yopmail.com,639.63,57.0,5.75
3573.0,Asia,Asia.39@yopmail.com,744.16,39.0,5.47
3575.0,Morganica,Morganica.136@yopmail.com,850.28,136.0,5.22
3576.0,Joleen,Joleen.111@yopmail.com,787.71,111.0,4.84
3583.0,Susan,Susan.112@yopmail.com,94.37,112.0,5.6
3586.0,Eadie,Eadie.184@yopmail.com,317.11,184.0,4.53
3587.0,Catrina,Catrina.171@yopmail.com,49.76,171.0,5.16
3591.0,Gianina,Gianina.64@yopmail.com,863.55,64.0,5.27
3595.0,Nananne,Nananne.9@yopmail.com,632.4,9.0,5.43
3599.0,Ebonee,Ebonee.141@yopmail.com,676.76,141.0,5.64
3604.0,Riannon,Riannon.138@yopmail.com,836.16,138.0,5.78
3607.0,Dianemarie,Dianemarie.188@yopmail.com,498.67,188.0,4.84
3609.0,Dulcinea,Dulcinea.165@yopmail.com,498.35,165.0,4.85
3611.0,Brynna,Brynna.92@yopmail.com,989.68,92.0,5.88
3612.0,Edith,Edith.84@yopmail.com,297.02,84.0,4.91
3623.0,Nita,Nita.37@yopmail.com,373.88,37.0,5.01
3627.0,Lexine,Lexine.64@yopmail.com,640.56,64.0,5.82
3629.0,Alyssa,Alyssa.193@yopmail.com,975.27,193.0,4.85
3632.0,Dominga,Dominga.151@yopmail.com,406.74,151.0,5.94
3633.0,Minne,Minne.74@yopmail.com,429.66,74.0,5.16
3637.0,Jackie,Jackie.76@yopmail.com,810.46,76.0,5.68
3638.0,Dorothy,Dorothy.30@yopmail.com,949.7,30.0,5.12
3639.0,Nannie,Nannie.8@yopmail.com,889.25,8.0,5.68
3643.0,Christal,Christal.170@yopmail.com,158.36,170.0,5.98
3645.0,Mady,Mady.1@yopmail.com,686.26,1.0,5.57
3646.0,Almeta,Almeta.105@yopmail.com,16.43,105.0,5.99
3648.0,Rebeca,Rebeca.132@yopmail.com,492.36,132.0,5.57
3649.0,Nariko,Nariko.77@yopmail.com,376.93,77.0,5.45
3650.0,Aurelie,Aurelie.162@yopmail.com,987.16,162.0,5.42
3652.0,Marsiella,Marsiella.92@yopmail.com,344.53,92.0,5.46
3653.0,Chrystel,Chrystel.67@yopmail.com,164.96,67.0,5.99
3655.0,Tiffie,Tiffie.177@yopmail.com,452.0,177.0,4.72
3656.0,Linet,Linet.56@yopmail.com,312.83,56.0,4.7
3659.0,Kristina,Kristina.7@yopmail.com,361.5,7.0,4.95
3660.0,Viviene,Viviene.56@yopmail.com,919.85,56.0,5.21
3664.0,Kelly,Kelly.191@yopmail.com,303.48,191.0,4.93
3666.0,Daryl,Daryl.61@yopmail.com,502.57,61.0,5.7
3668.0,Dale,Dale.111@yopmail.com,62.16,111.0,5.56
3669.0,Tina,Tina.29@yopmail.com,342.22,29.0,5.17
3677.0,Shaylyn,Shaylyn.100@yopmail.com,890.73,100.0,4.89
3682.0,Lelah,Lelah.102@yopmail.com,564.15,102.0,5.98
3684.0,Millie,Millie.14@yopmail.com,687.76,14.0,4.62
3700.0,Karlee,Karlee.185@yopmail.com,647.26,185.0,5.53
3710.0,Carree,Carree.119@yopmail.com,887.16,119.0,4.77
3712.0,Cherrita,Cherrita.24@yopmail.com,119.71,24.0,5.41
3716.0,Almeta,Almeta.110@yopmail.com,433.66,110.0,5.83
3718.0,Andree,Andree.19@yopmail.com,789.38,19.0,5.28
3720.0,Kial,Kial.95@yopmail.com,131.83,95.0,5.39
3721.0,Emma,Emma.14@yopmail.com,518.14,14.0,5.37
3722.0,Lyssa,Lyssa.111@yopmail.com,621.89,111.0,5.27
3725.0,Renae,Renae.160@yopmail.com,522.07,160.0,4.64
3730.0,Donetta,Donetta.123@yopmail.com,201.49,123.0,5.44
3735.0,Tatiania,Tatiania.173@yopmail.com,181.05,173.0,5.43
3740.0,Jeanna,Jeanna.2@yopmail.com,289.6,2.0,4.56
3742.0,Tabbatha,Tabbatha.57@yopmail.com,938.75,57.0,5.03
3745.0,Neila,Neila.99@yopmail.com,89.91,99.0,4.79
3754.0,Lita,Lita.29@yopmail.com,550.43,29.0,5.18
3759.0,Marnia,Marnia.102@yopmail.com,749.89,102.0,4.81
3760.0,Renie,Renie.82@yopmail.com,687.94,82.0,5.71
3761.0,Gratia,Gratia.16@yopmail.com,547.97,16.0,5.11
3764.0,Patricia,Patricia.94@yopmail.com,479.01,94.0,4.71
3765.0,Kirbee,Kirbee.24@yopmail.com,151.84,24.0,5.51
3766.0,Beatriz,Beatriz.61@yopmail.com,380.92,61.0,4.74
3769.0,Mariele,Mariele.17@yopmail.com,893.1,17.0,5.36
3774.0,Silvana,Silvana.132@yopmail.com,606.32,132.0,5.59
3775.0,Jessamyn,Jessamyn.106@yopmail.com,115.8,106.0,5.94
3778.0,Merci,Merci.48@yopmail.com,504.17,48.0,4.77
3780.0,Clementine,Clementine.79@yopmail.com,879.41,79.0,5.87
3782.0,Queenie,Queenie.191@yopmail.com,311.65,191.0,5.67
3783.0,Jeanna,Jeanna.132@yopmail.com,303.64,132.0,5.48
3787.0,Gusty,Gusty.178@yopmail.com,736.41,178.0,4.8
3788.0,Sharlene,Sharlene.119@yopmail.com,373.42,119.0,4.72
3790.0,Yolane,Yolane.146@yopmail.com,883.67,146.0,5.52
3794.0,Pierette,Pierette.25@yopmail.com,508.31,25.0,5.23
3797.0,Leia,Leia.85@yopmail.com,19.37,85.0,5.28
3799.0,Sharai,Sharai.136@yopmail.com,616.32,136.0,5.44
3802.0,Aurore,Aurore.62@yopmail.com,608.51,62.0,4.94
3803.0,Sallie,Sallie.33@yopmail.com,554.97,33.0,5.86
3804.0,Ada,Ada.104@yopmail.com,71.28,104.0,5.29
3806.0,Madalyn,Madalyn.62@yopmail.com,465.78,62.0,4.72
3807.0,Lynde,Lynde.132@yopmail.com,950.57,132.0,4.9
3815.0,Vonny,Vonny.119@yopmail.com,286.73,119.0,4.79
3816.0,Lanna,Lanna.135@yopmail.com,106.26,135.0,4.92
3820.0,Harrietta,Harrietta.191@yopmail.com,6.63,191.0,4.83
3822.0,Petronia,Petronia.56@yopmail.com,611.17,56.0,5.1
3823.0,Mary,Mary.135@yopmail.com,461.36,135.0,5.71
3828.0,Dulce,Dulce.74@yopmail.com,391.66,74.0,5.66
3829.0,Lizzie,Lizzie.82@yopmail.com,976.15,82.0,5.07
3830.0,Helena,Helena.60@yopmail.com,448.73,60.0,5.73
3838.0,Maisey,Maisey.116@yopmail.com,371.25,116.0,5.09
3841.0,Corene,Corene.87@yopmail.com,550.91,87.0,5.35
3842.0,Fawne,Fawne.114@yopmail.com,472.06,114.0,5.11
3845.0,Maye,Maye.86@yopmail.com,290.66,86.0,4.94
3848.0,Flo,Flo.10@yopmail.com,253.84,10.0,5.95
3852.0,Joeann,Joeann.193@yopmail.com,638.99,193.0,5.12
3853.0,Natka,Natka.199@yopmail.com,926.67,199.0,5.76
3855.0,Selma,Selma.79@yopmail.com,881.14,79.0,4.82
3857.0,Cristine,Cristine.149@yopmail.com,6.67,149.0,5.29
3858.0,Robinia,Robinia.80@yopmail.com,559.89,80.0,5.88
3866.0,Calla,Calla.2@yopmail.com,371.07,2.0,5.98
3869.0,Laurene,Laurene.4@yopmail.com,143.35,4.0,5.44
3870.0,Vinita,Vinita.46@yopmail.com,807.41,46.0,5.46
3871.0,Latisha,Latisha.189@yopmail.com,528.86,189.0,5.77
3873.0,Phedra,Phedra.142@yopmail.com,570.34,142.0,5.2
3875.0,Roz,Roz.118@yopmail.com,443.87,118.0,5.95
3876.0,Selia,Selia.127@yopmail.com,416.8,127.0,5.01
3878.0,Consuela,Consuela.159@yopmail.com,719.95,159.0,4.81
3880.0,Aimil,Aimil.76@yopmail.com,208.66,76.0,5.86
3882.0,Sarette,Sarette.63@yopmail.com,902.09,63.0,5.23
3889.0,Aurore,Aurore.149@yopmail.com,655.52,149.0,5.39
3894.0,Dagmar,Dagmar.78@yopmail.com,415.04,78.0,5.8
3896.0,Petronia,Petronia.167@yopmail.com,979.97,167.0,5.17
3898.0,Dagmar,Dagmar.118@yopmail.com,885.91,118.0,5.33
3899.0,Myrtice,Myrtice.29@yopmail.com,616.76,29.0,4.85
3902.0,Albertina,Albertina.82@yopmail.com,588.72,82.0,4.99
3903.0,Sashenka,Sashenka.146@yopmail.com,150.87,146.0,4.79
3904.0,Mathilda,Mathilda.110@yopmail.com,361.16,110.0,5.37
3906.0,Ofilia,Ofilia.109@yopmail.com,380.26,109.0,5.52
3908.0,Cherilyn,Cherilyn.90@yopmail.com,977.81,90.0,5.88
3913.0,Celestyna,Celestyna.62@yopmail.com,963.47,62.0,5.58
3917.0,Marcelline,Marcelline.162@yopmail.com,137.14,162.0,4.77
3921.0,Anica,Anica.173@yopmail.com,211.8,173.0,5.1
3923.0,Sue,Sue.29@yopmail.com,679.17,29.0,4.62
3929.0,Chickie,Chickie.@yopmail.com,65.06,0.0,5.89
3934.0,Monika,Monika.45@yopmail.com,8.74,45.0,5.59
3935.0,Cathyleen,Cathyleen.186@yopmail.com,236.42,186.0,5.95
3936.0,Carly,Carly.147@yopmail.com,721.46,147.0,5.6
3937.0,Shauna,Shauna.111@yopmail.com,188.54,111.0,5.6
3943.0,Barbara,Barbara.107@yopmail.com,962.54,107.0,4.6
3950.0,Rhea,Rhea.80@yopmail.com,833.07,80.0,4.75
3954.0,Gavrielle,Gavrielle.116@yopmail.com,619.8,116.0,5.26
3959.0,Basia,Basia.114@yopmail.com,162.45,114.0,5.29
3962.0,Alyssa,Alyssa.11@yopmail.com,264.34,11.0,4.61
3963.0,Kayla,Kayla.70@yopmail.com,586.88,70.0,5.58
3968.0,Caritta,Caritta.9@yopmail.com,350.08,9.0,4.96
3971.0,Kaia,Kaia.119@yopmail.com,992.23,119.0,4.88
3972.0,Sophia,Sophia.46@yopmail.com,732.81,46.0,4.71
3973.0,Cam,Cam.144@yopmail.com,446.51,144.0,5.5
3974.0,Delilah,Delilah.110@yopmail.com,576.37,110.0,5.86
3975.0,Rosene,Rosene.131@yopmail.com,114.93,131.0,5.66
3977.0,Hayley,Hayley.118@yopmail.com,18.34,118.0,4.64
3982.0,Roz,Roz.81@yopmail.com,924.89,81.0,5.33
3984.0,Doro,Doro.185@yopmail.com,189.17,185.0,5.06
3989.0,Ninnetta,Ninnetta.102@yopmail.com,398.44,102.0,5.36
3993.0,Christian,Christian.29@yopmail.com,332.95,29.0,5.42
3995.0,Lisette,Lisette.129@yopmail.com,532.42,129.0,5.67
3999.0,Karly,Karly.66@yopmail.com,529.92,66.0,5.41
